SCAFFOLD00009,92396	C	
SCAFFOLD00009,78811	G	
SCAFFOLD00009,73399	A	
SCAFFOLD00009,18098	T	-
SCAFFOLD00009,59120	A	
SCAFFOLD00009,115473	T	
SCAFFOLD00009,96388	G	
SCAFFOLD00009,89077	A	
SCAFFOLD00009,61107	G	
SCAFFOLD00009,85095	A	
SCAFFOLD00009,117375	C	
SCAFFOLD00009,16560	C	
SCAFFOLD00009,50000	G	
SCAFFOLD00009,39895	T	
SCAFFOLD00009,8862	G	
SCAFFOLD00009,86220	A	
SCAFFOLD00009,78315	T	
SCAFFOLD00009,14581	A	
SCAFFOLD00009,109053	C	
SCAFFOLD00009,4146	A	-
SCAFFOLD00009,33133	T	
SCAFFOLD00009,105582	C	
SCAFFOLD00009,108345	A	-
SCAFFOLD00009,83041	G	
SCAFFOLD00009,99946	T	-
SCAFFOLD00009,35937	C	
SCAFFOLD00009,102599	G	
SCAFFOLD00009,61449	T	
SCAFFOLD00009,44299	G	
SCAFFOLD00009,46730	C	
SCAFFOLD00009,108613	C	
SCAFFOLD00009,101493	C	
SCAFFOLD00009,100549	C	
SCAFFOLD00009,49622	C	-
SCAFFOLD00009,113298	A	
SCAFFOLD00009,80234	A	
SCAFFOLD00009,28436	C	
SCAFFOLD00009,117262	G	
SCAFFOLD00009,61872	A	
SCAFFOLD00009,96791	C	
SCAFFOLD00009,2797	A	
SCAFFOLD00009,68938	G	
SCAFFOLD00009,55936	G	
SCAFFOLD00009,81839	C	
SCAFFOLD00009,22798	G	
SCAFFOLD00009,22655	C	
SCAFFOLD00009,118460	A	
SCAFFOLD00009,53705	G	
SCAFFOLD00009,32764	C	
SCAFFOLD00009,11805	C	
SCAFFOLD00009,115611	A	-
SCAFFOLD00009,86023	A	
SCAFFOLD00009,45901	G	
SCAFFOLD00009,99208	A	
SCAFFOLD00009,101661	C	
SCAFFOLD00009,62613	C	
SCAFFOLD00009,118655	T	
SCAFFOLD00009,108164	G	
SCAFFOLD00009,39635	C	
SCAFFOLD00009,52929	T	
SCAFFOLD00009,22992	A	
SCAFFOLD00009,13147	T	
SCAFFOLD00009,105098	C	
SCAFFOLD00009,51196	C	
SCAFFOLD00009,49859	G	
SCAFFOLD00009,87623	C	-
SCAFFOLD00009,61356	T	
SCAFFOLD00009,90355	G	-
SCAFFOLD00009,25599	C	
SCAFFOLD00009,43747	T	
SCAFFOLD00009,96348	C	
SCAFFOLD00009,99568	G	
SCAFFOLD00009,58643	G	
SCAFFOLD00009,91834	C	
SCAFFOLD00009,99053	G	
SCAFFOLD00009,65589	C	
SCAFFOLD00009,99207	C	
SCAFFOLD00009,95796	G	-
SCAFFOLD00009,21832	T	-
SCAFFOLD00009,118031	C	-
SCAFFOLD00009,86030	C	
SCAFFOLD00009,99596	A	
SCAFFOLD00009,49378	A	
SCAFFOLD00009,27428	C	
SCAFFOLD00009,98901	C	
SCAFFOLD00009,49376	A	
SCAFFOLD00009,58120	G	
SCAFFOLD00009,75759	A	
SCAFFOLD00009,19688	C	
SCAFFOLD00009,103148	A	
SCAFFOLD00009,8955	T	-
SCAFFOLD00009,102963	T	
SCAFFOLD00009,103766	G	
SCAFFOLD00009,99762	A	
SCAFFOLD00009,82001	A	
SCAFFOLD00009,86080	T	
SCAFFOLD00009,39093	T	
SCAFFOLD00009,75842	G	
SCAFFOLD00009,55088	A	
SCAFFOLD00009,81599	G	
SCAFFOLD00009,83092	C	
SCAFFOLD00009,81225	T	-
SCAFFOLD00009,29026	C	-
SCAFFOLD00009,19850	G	
SCAFFOLD00009,40194	C	
SCAFFOLD00009,85616	T	
SCAFFOLD00009,60136	G	
SCAFFOLD00009,85942	T	
SCAFFOLD00009,101171	G	
SCAFFOLD00009,51982	G	
SCAFFOLD00009,48012	T	
SCAFFOLD00009,108667	T	-
SCAFFOLD00009,80919	G	-
SCAFFOLD00009,48910	C	
SCAFFOLD00009,102622	T	
SCAFFOLD00009,51022	C	-
SCAFFOLD00009,79746	A	
SCAFFOLD00009,13775	C	
SCAFFOLD00009,15321	G	
SCAFFOLD00009,101239	T	
SCAFFOLD00009,18851	T	-
SCAFFOLD00009,104456	C	
SCAFFOLD00009,34221	G	
SCAFFOLD00009,93294	G	
SCAFFOLD00009,45474	G	-
SCAFFOLD00009,94360	C	
SCAFFOLD00009,60553	A	
SCAFFOLD00009,33844	T	
SCAFFOLD00009,99340	C	
SCAFFOLD00009,12868	T	
SCAFFOLD00009,99348	C	
SCAFFOLD00009,10315	A	
SCAFFOLD00009,70925	C	
SCAFFOLD00009,101614	G	
SCAFFOLD00009,48901	T	
SCAFFOLD00009,101069	C	
SCAFFOLD00009,20326	G	
SCAFFOLD00009,69510	A	
SCAFFOLD00009,86097	C	
SCAFFOLD00009,37546	T	
SCAFFOLD00009,112890	G	-
SCAFFOLD00009,96583	A	
SCAFFOLD00009,97268	G	
SCAFFOLD00009,52023	A	
SCAFFOLD00009,92871	C	
SCAFFOLD00009,59853	T	
SCAFFOLD00009,82556	G	-
SCAFFOLD00009,109947	T	
SCAFFOLD00009,79173	T	
SCAFFOLD00009,52993	G	
SCAFFOLD00009,99120	G	
SCAFFOLD00009,95220	C	
SCAFFOLD00009,74046	C	
SCAFFOLD00009,99126	T	
SCAFFOLD00009,99339	C	
SCAFFOLD00009,99608	A	
SCAFFOLD00009,60666	C	
SCAFFOLD00009,95250	C	
SCAFFOLD00009,101355	T	
SCAFFOLD00009,38634	G	
SCAFFOLD00009,27188	A	
SCAFFOLD00009,81789	G	
SCAFFOLD00009,17746	A	
SCAFFOLD00009,119456	T	
SCAFFOLD00009,99329	T	
SCAFFOLD00009,17745	A	
SCAFFOLD00009,28371	C	
SCAFFOLD00009,100612	T	
SCAFFOLD00009,102677	T	
SCAFFOLD00009,38031	A	
SCAFFOLD00009,99940	G	-
SCAFFOLD00009,26111	A	
SCAFFOLD00009,19987	G	
SCAFFOLD00009,34202	A	
SCAFFOLD00009,101298	C	
SCAFFOLD00009,98733	T	
SCAFFOLD00009,110575	A	-
SCAFFOLD00009,35553	G	
SCAFFOLD00009,31450	C	
SCAFFOLD00009,53365	C	
SCAFFOLD00009,51387	A	
SCAFFOLD00009,74947	T	
SCAFFOLD00009,111743	C	
SCAFFOLD00009,30023	A	
SCAFFOLD00009,116070	T	
SCAFFOLD00009,17669	C	
SCAFFOLD00009,13823	T	
SCAFFOLD00009,1575	C	
SCAFFOLD00009,44822	C	
SCAFFOLD00009,1287	T	-
SCAFFOLD00009,84846	C	
SCAFFOLD00009,99723	C	
SCAFFOLD00009,42170	G	-
SCAFFOLD00009,13701	G	
SCAFFOLD00009,108332	G	
SCAFFOLD00009,81300	G	
SCAFFOLD00009,50155	G	
SCAFFOLD00009,113585	C	
SCAFFOLD00009,45722	G	-
SCAFFOLD00009,22199	A	
SCAFFOLD00009,71110	C	
SCAFFOLD00009,83783	T	
SCAFFOLD00009,28975	C	
SCAFFOLD00009,104345	C	
SCAFFOLD00009,80013	C	-
SCAFFOLD00009,52596	G	
SCAFFOLD00008,114786	A	
SCAFFOLD00008,108991	A	
SCAFFOLD00008,123438	C	
SCAFFOLD00008,113351	T	
SCAFFOLD00008,88655	C	
SCAFFOLD00008,73540	G	-
SCAFFOLD00008,123538	G	
SCAFFOLD00008,43372	C	-
SCAFFOLD00008,43373	G	
SCAFFOLD00008,35788	G	
SCAFFOLD00008,115813	A	
SCAFFOLD00008,31297	G	
SCAFFOLD00008,113733	T	
SCAFFOLD00008,41478	T	
SCAFFOLD00008,11850	A	
SCAFFOLD00008,94208	G	
SCAFFOLD00008,42960	T	
SCAFFOLD00008,117412	A	
SCAFFOLD00008,43188	G	
SCAFFOLD00008,111653	G	
SCAFFOLD00008,117788	C	
SCAFFOLD00008,98762	T	
SCAFFOLD00008,87031	G	
SCAFFOLD00008,46134	T	
SCAFFOLD00008,88252	G	
SCAFFOLD00008,46130	G	
SCAFFOLD00008,96587	C	
SCAFFOLD00008,101792	A	-
SCAFFOLD00008,116736	A	
SCAFFOLD00008,75688	A	
SCAFFOLD00008,47547	A	
SCAFFOLD00008,30678	A	
SCAFFOLD00008,31271	T	
SCAFFOLD00008,14326	C	
SCAFFOLD00008,103161	C	
SCAFFOLD00008,94332	A	
SCAFFOLD00008,17982	T	
SCAFFOLD00008,24379	G	
SCAFFOLD00008,88727	G	
SCAFFOLD00008,14752	C	-
SCAFFOLD00008,114077	A	
SCAFFOLD00008,96651	A	-
SCAFFOLD00008,108873	T	
SCAFFOLD00008,15588	A	
SCAFFOLD00008,121807	T	
SCAFFOLD00008,31557	T	
SCAFFOLD00008,2767	G	-
SCAFFOLD00008,89009	C	-
SCAFFOLD00008,114352	C	
SCAFFOLD00008,37524	A	
SCAFFOLD00008,103764	G	
SCAFFOLD00008,45569	A	
SCAFFOLD00008,13330	C	-
SCAFFOLD00008,46640	T	
SCAFFOLD00008,11611	T	
SCAFFOLD00008,117005	G	
SCAFFOLD00008,47382	A	
SCAFFOLD00008,126120	C	-
SCAFFOLD00008,120619	G	
SCAFFOLD00008,3806	C	-
SCAFFOLD00008,96872	A	
SCAFFOLD00008,47368	G	
SCAFFOLD00008,92614	T	
SCAFFOLD00008,113386	G	
SCAFFOLD00008,111484	C	
SCAFFOLD00008,105231	G	
SCAFFOLD00008,112137	C	
SCAFFOLD00008,71125	C	-
SCAFFOLD00008,5088	G	
SCAFFOLD00008,38725	T	
SCAFFOLD00008,120760	G	
SCAFFOLD00008,115928	G	
SCAFFOLD00008,89345	G	
SCAFFOLD00008,68675	T	
SCAFFOLD00008,105065	C	
SCAFFOLD00008,73932	C	
SCAFFOLD00008,70485	T	
SCAFFOLD00008,68692	C	-
SCAFFOLD00008,59531	C	-
SCAFFOLD00008,98035	C	
SCAFFOLD00008,59921	T	
SCAFFOLD00008,117298	T	
SCAFFOLD00008,11405	A	-
SCAFFOLD00008,58696	T	
SCAFFOLD00008,107147	C	
SCAFFOLD00008,68592	T	
SCAFFOLD00008,93409	G	
SCAFFOLD00008,72492	G	
SCAFFOLD00008,115700	C	
SCAFFOLD00008,85523	T	
SCAFFOLD00008,109327	G	
SCAFFOLD00008,115568	T	
SCAFFOLD00008,39969	A	
SCAFFOLD00008,115096	C	
SCAFFOLD00008,109738	G	
SCAFFOLD00008,36271	A	
SCAFFOLD00008,117204	A	
SCAFFOLD00008,24872	T	-
SCAFFOLD00008,91464	G	
SCAFFOLD00008,47262	G	
SCAFFOLD00008,28046	A	
SCAFFOLD00008,79712	T	
SCAFFOLD00008,58031	C	
SCAFFOLD00008,70613	T	
SCAFFOLD00008,113624	A	
SCAFFOLD00008,113626	A	
SCAFFOLD00008,105825	C	
SCAFFOLD00008,77654	G	-
SCAFFOLD00008,67840	A	-
SCAFFOLD00008,122266	G	
SCAFFOLD00008,121507	C	
SCAFFOLD00008,44932	G	
SCAFFOLD00008,70295	C	-
SCAFFOLD00008,118970	C	
SCAFFOLD00008,35016	G	-
SCAFFOLD00008,70509	G	
SCAFFOLD00008,31510	T	
SCAFFOLD00008,85011	G	
SCAFFOLD00008,45533	T	
SCAFFOLD00008,126417	C	
SCAFFOLD00008,48109	C	
SCAFFOLD00008,114049	C	
SCAFFOLD00008,59711	G	-
SCAFFOLD00008,6718	G	-
SCAFFOLD00008,121744	A	
SCAFFOLD00008,9703	C	-
SCAFFOLD00008,117660	G	
SCAFFOLD00008,118729	C	
SCAFFOLD00008,75025	A	
SCAFFOLD00008,87500	G	
SCAFFOLD00008,88495	G	
SCAFFOLD00008,117782	A	
SCAFFOLD00008,45330	C	
SCAFFOLD00008,113749	C	
SCAFFOLD00008,71377	G	
SCAFFOLD00008,91848	A	
SCAFFOLD00008,32768	G	
SCAFFOLD00008,59141	C	
SCAFFOLD00008,18666	C	
SCAFFOLD00008,12904	C	
SCAFFOLD00008,117013	G	
SCAFFOLD00008,117790	G	
SCAFFOLD00008,86220	C	
SCAFFOLD00008,87026	T	
SCAFFOLD00008,29447	C	
SCAFFOLD00008,37229	G	
SCAFFOLD00008,113878	G	
SCAFFOLD00008,121325	T	
SCAFFOLD00008,1813	G	
SCAFFOLD00008,37240	C	
SCAFFOLD00008,96731	G	
SCAFFOLD00008,116338	C	
SCAFFOLD00008,71497	G	
SCAFFOLD00008,65469	T	
SCAFFOLD00008,100957	T	
SCAFFOLD00008,51857	C	-
SCAFFOLD00008,47952	G	
SCAFFOLD00008,47956	A	
SCAFFOLD00008,2270	C	-
SCAFFOLD00008,46150	T	
SCAFFOLD00008,18141	A	
SCAFFOLD00008,116615	T	
SCAFFOLD00008,91635	A	
SCAFFOLD00008,92452	C	
SCAFFOLD00008,114835	G	
SCAFFOLD00008,91736	G	
SCAFFOLD00008,98292	A	
SCAFFOLD00008,48221	A	
SCAFFOLD00008,113710	G	
SCAFFOLD00008,111580	G	
SCAFFOLD00008,115844	G	
SCAFFOLD00008,91254	G	
SCAFFOLD00008,39233	A	
SCAFFOLD00008,2081	C	
SCAFFOLD00008,45397	C	
SCAFFOLD00008,88678	T	
SCAFFOLD00008,117690	T	
SCAFFOLD00008,114403	A	
SCAFFOLD00008,89359	A	
SCAFFOLD00008,115624	G	
SCAFFOLD00008,92998	G	
SCAFFOLD00008,120671	C	
SCAFFOLD00008,15674	C	
SCAFFOLD00008,98794	C	
SCAFFOLD00008,120107	G	
SCAFFOLD00008,77661	A	-
SCAFFOLD00008,126047	A	
SCAFFOLD00008,32327	C	
SCAFFOLD00008,46054	T	
SCAFFOLD00008,47852	A	
SCAFFOLD00008,98337	T	
SCAFFOLD00008,51886	G	
SCAFFOLD00008,83212	A	
SCAFFOLD00008,12485	T	
SCAFFOLD00008,6968	G	-
SCAFFOLD00008,116658	T	
SCAFFOLD00008,118361	T	
SCAFFOLD00008,36260	G	
SCAFFOLD00008,77847	G	
SCAFFOLD00008,103786	T	-
SCAFFOLD00008,31750	G	
SCAFFOLD00008,88822	G	
SCAFFOLD00008,48344	T	
SCAFFOLD00008,100546	A	
SCAFFOLD00008,92793	C	
SCAFFOLD00008,103665	G	
SCAFFOLD00008,4879	A	
SCAFFOLD00008,117309	A	
SCAFFOLD00008,31501	C	
SCAFFOLD00008,115270	C	
SCAFFOLD00008,113506	G	
SCAFFOLD00008,113276	A	
SCAFFOLD00008,118986	G	
SCAFFOLD00008,18479	G	
SCAFFOLD00008,58975	C	
SCAFFOLD00008,74720	C	
SCAFFOLD00008,115970	T	
SCAFFOLD00008,9717	A	
SCAFFOLD00008,96852	C	-
SCAFFOLD00008,18875	C	
SCAFFOLD00008,83813	C	
SCAFFOLD00008,7367	T	-
SCAFFOLD00008,113202	T	
SCAFFOLD00008,58809	G	
SCAFFOLD00008,88788	T	
SCAFFOLD00008,28120	T	
SCAFFOLD00008,41102	C	
SCAFFOLD00008,59676	G	
SCAFFOLD00008,116437	C	
SCAFFOLD00008,113870	G	
SCAFFOLD00008,42537	G	
SCAFFOLD00008,104902	A	
SCAFFOLD00008,40917	G	
SCAFFOLD00008,43326	C	-
SCAFFOLD00008,37338	C	
SCAFFOLD00008,68713	G	
SCAFFOLD00008,13036	T	
SCAFFOLD00008,123862	T	
SCAFFOLD00008,47485	A	
SCAFFOLD00008,116320	T	
SCAFFOLD00008,3754	T	
SCAFFOLD00008,18191	C	
SCAFFOLD00008,73217	C	
SCAFFOLD00008,122163	C	
SCAFFOLD00008,7159	A	-
SCAFFOLD00008,66336	C	-
SCAFFOLD00008,66335	T	-
SCAFFOLD00008,77637	C	
SCAFFOLD00008,62268	T	
SCAFFOLD00008,88129	C	
SCAFFOLD00008,114331	A	
SCAFFOLD00008,115229	C	
SCAFFOLD00008,53057	C	
SCAFFOLD00008,115223	G	
SCAFFOLD00008,115222	T	
SCAFFOLD00008,47663	T	
SCAFFOLD00008,94001	A	
SCAFFOLD00008,94004	G	
SCAFFOLD00008,116662	G	
SCAFFOLD00008,75671	A	
SCAFFOLD00008,44961	T	
SCAFFOLD00008,79934	G	
SCAFFOLD00008,7993	G	-
SCAFFOLD00008,85574	C	
SCAFFOLD00008,99125	C	
SCAFFOLD00008,117615	T	
SCAFFOLD00008,113726	C	
SCAFFOLD00008,46682	C	
SCAFFOLD00008,37479	G	
SCAFFOLD00008,39206	T	
SCAFFOLD00008,56971	C	
SCAFFOLD00008,106394	G	
SCAFFOLD00008,91548	A	-
SCAFFOLD00008,73741	G	-
SCAFFOLD00008,42140	C	
SCAFFOLD00008,42144	A	
SCAFFOLD00008,70983	T	
SCAFFOLD00008,113839	C	
SCAFFOLD00008,108960	A	
SCAFFOLD00008,114796	A	
SCAFFOLD00008,124884	A	
SCAFFOLD00008,93162	C	
SCAFFOLD00008,121442	G	
SCAFFOLD00008,92064	C	
SCAFFOLD00008,122791	C	
SCAFFOLD00008,113333	A	
SCAFFOLD00008,73529	G	
SCAFFOLD00008,92849	C	-
SCAFFOLD00008,15160	T	
SCAFFOLD00008,108180	G	
SCAFFOLD00008,48750	A	
SCAFFOLD00008,117465	A	
SCAFFOLD00008,25372	C	
SCAFFOLD00008,97005	G	-
SCAFFOLD00008,107769	G	
SCAFFOLD00008,65785	G	
SCAFFOLD00008,43763	G	
SCAFFOLD00008,24380	T	
SCAFFOLD00008,115503	G	
SCAFFOLD00008,106341	T	
SCAFFOLD00008,78733	G	
SCAFFOLD00008,55824	A	
SCAFFOLD00008,116319	T	
SCAFFOLD00008,117385	A	
SCAFFOLD00008,18002	A	
SCAFFOLD00008,14743	A	
SCAFFOLD00008,105071	A	
SCAFFOLD00008,87635	C	
SCAFFOLD00008,98405	G	
SCAFFOLD00008,42043	C	
SCAFFOLD00008,124904	A	
SCAFFOLD00008,49757	C	
SCAFFOLD00008,121588	C	
SCAFFOLD00008,30914	T	
SCAFFOLD00008,12581	T	
SCAFFOLD00008,76199	G	
SCAFFOLD00008,117315	C	
SCAFFOLD00008,6264	T	-
SCAFFOLD00008,35911	G	
SCAFFOLD00008,85030	A	
SCAFFOLD00008,116220	G	
SCAFFOLD00008,4411	G	
SCAFFOLD00008,12090	G	-
SCAFFOLD00008,125579	C	
SCAFFOLD00008,111968	G	
SCAFFOLD00008,103477	G	
SCAFFOLD00008,124348	T	
SCAFFOLD00008,74631	A	
SCAFFOLD00008,112398	G	
SCAFFOLD00008,45671	A	
SCAFFOLD00008,90014	C	-
SCAFFOLD00008,113301	G	
SCAFFOLD00008,117649	T	
SCAFFOLD00008,93616	C	
SCAFFOLD00008,106121	T	
SCAFFOLD00008,62457	C	
SCAFFOLD00008,15336	C	
SCAFFOLD00008,37036	G	
SCAFFOLD00008,119150	A	
SCAFFOLD00008,113605	T	
SCAFFOLD00008,113604	G	
SCAFFOLD00008,85105	T	
SCAFFOLD00008,113764	G	
SCAFFOLD00008,113763	T	
SCAFFOLD00008,41054	G	
SCAFFOLD00008,66334	C	-
SCAFFOLD00008,70956	A	
SCAFFOLD00008,70957	A	
SCAFFOLD00008,6600	G	
SCAFFOLD00008,6168	A	-
SCAFFOLD00008,126936	C	
SCAFFOLD00008,42520	G	
SCAFFOLD00008,48011	T	
SCAFFOLD00008,67003	G	-
SCAFFOLD00008,4741	C	
SCAFFOLD00008,33904	A	
SCAFFOLD00008,84616	G	
SCAFFOLD00008,25144	T	
SCAFFOLD00008,56660	A	
SCAFFOLD00008,24945	C	
SCAFFOLD00008,120571	T	
SCAFFOLD00008,117105	C	
SCAFFOLD00008,55867	T	
SCAFFOLD00008,31701	C	
SCAFFOLD00008,122171	A	
SCAFFOLD00008,122272	G	
SCAFFOLD00008,107150	C	
SCAFFOLD00008,114924	A	
SCAFFOLD00008,52998	G	
SCAFFOLD00008,47619	C	
SCAFFOLD00008,8991	T	-
SCAFFOLD00008,98540	C	
SCAFFOLD00008,2235	G	-
SCAFFOLD00008,115250	G	
SCAFFOLD00008,114238	A	
SCAFFOLD00008,45415	T	
SCAFFOLD00008,117216	C	
SCAFFOLD00008,106523	T	
SCAFFOLD00008,28296	C	
SCAFFOLD00008,31450	C	
SCAFFOLD00008,46501	T	
SCAFFOLD00008,91873	G	
SCAFFOLD00008,72309	C	
SCAFFOLD00008,1805	C	
SCAFFOLD00008,8999	G	-
SCAFFOLD00008,35394	T	
SCAFFOLD00008,44914	A	
SCAFFOLD00008,51543	T	
SCAFFOLD00010,18496	G	
SCAFFOLD00010,18495	G	
SCAFFOLD00010,18494	T	
SCAFFOLD00010,18493	T	
SCAFFOLD00010,15455	C	
SCAFFOLD00010,17766	A	-
SCAFFOLD00010,64266	A	-
SCAFFOLD00010,58750	A	-
SCAFFOLD00010,117775	C	-
SCAFFOLD00010,48144	G	-
SCAFFOLD00010,40158	A	-
SCAFFOLD00010,41546	G	
SCAFFOLD00010,109175	G	-
SCAFFOLD00010,69798	T	
SCAFFOLD00010,53087	G	-
SCAFFOLD00010,18492	A	
SCAFFOLD00010,49936	A	
SCAFFOLD00010,100479	A	-
SCAFFOLD00010,72701	T	
SCAFFOLD00010,3797	G	
SCAFFOLD00010,50559	T	-
SCAFFOLD00010,48955	C	
SCAFFOLD00010,81522	A	-
SCAFFOLD00010,53074	A	-
SCAFFOLD00010,52441	T	
SCAFFOLD00010,51678	T	-
SCAFFOLD00010,28218	A	
SCAFFOLD00010,34306	A	
SCAFFOLD00010,71430	A	
SCAFFOLD00010,15993	A	-
SCAFFOLD00010,73929	G	
SCAFFOLD00010,48450	G	
SCAFFOLD00010,47707	T	-
SCAFFOLD00010,23601	A	-
SCAFFOLD00010,78969	A	-
SCAFFOLD00010,58318	G	-
SCAFFOLD00010,39823	G	
SCAFFOLD00010,105136	G	
SCAFFOLD00010,15110	A	
SCAFFOLD00010,31995	T	
SCAFFOLD00010,99877	G	-
SCAFFOLD00010,94751	T	-
SCAFFOLD00010,83435	C	-
SCAFFOLD00010,37428	G	
SCAFFOLD00010,117301	C	-
SCAFFOLD00010,31669	G	
SCAFFOLD00010,17854	T	-
SCAFFOLD00010,24117	A	-
SCAFFOLD00010,17083	A	
SCAFFOLD00010,49346	C	-
SCAFFOLD00010,18392	T	-
SCAFFOLD00010,23686	C	
SCAFFOLD00010,66477	A	-
SCAFFOLD00010,17655	C	-
SCAFFOLD00010,78970	C	-
SCAFFOLD00010,67416	G	
SCAFFOLD00010,10324	G	-
SCAFFOLD00010,97983	C	-
SCAFFOLD00010,71401	G	
SCAFFOLD00010,32553	C	
SCAFFOLD00010,115100	G	
SCAFFOLD00010,46259	A	
SCAFFOLD00010,101702	T	-
SCAFFOLD00010,24270	A	-
SCAFFOLD00010,94135	A	-
SCAFFOLD00010,7135	A	-
SCAFFOLD00010,57614	T	
SCAFFOLD00010,15182	C	
SCAFFOLD00010,9314	C	
SCAFFOLD00010,95126	G	-
SCAFFOLD00010,108595	C	
SCAFFOLD00010,76864	T	
SCAFFOLD00010,72952	G	
SCAFFOLD00010,108876	T	
SCAFFOLD00010,72978	C	
SCAFFOLD00010,96252	A	-
SCAFFOLD00010,39483	T	-
SCAFFOLD00010,44745	G	-
SCAFFOLD00010,1011	G	
SCAFFOLD00010,71035	A	-
SCAFFOLD00010,102036	T	-
SCAFFOLD00010,10130	C	
SCAFFOLD00010,102139	C	-
SCAFFOLD00010,48579	A	
SCAFFOLD00010,70542	G	
SCAFFOLD00010,16126	A	-
SCAFFOLD00010,2285	C	
SCAFFOLD00010,72777	C	-
SCAFFOLD00010,75619	A	
SCAFFOLD00010,33862	G	-
SCAFFOLD00010,2273	A	
SCAFFOLD00010,116072	G	
SCAFFOLD00010,94516	T	-
SCAFFOLD00010,41902	G	
SCAFFOLD00010,69815	T	
SCAFFOLD00010,108179	A	-
SCAFFOLD00010,109487	C	
SCAFFOLD00010,6505	T	
SCAFFOLD00010,57053	C	-
SCAFFOLD00010,69174	G	
SCAFFOLD00010,18748	A	-
SCAFFOLD00010,85759	C	
SCAFFOLD00010,73118	T	
SCAFFOLD00010,35276	G	
SCAFFOLD00010,14638	G	-
SCAFFOLD00010,58269	G	-
SCAFFOLD00010,23083	G	-
SCAFFOLD00010,72749	G	-
SCAFFOLD00010,34751	A	-
SCAFFOLD00010,99104	C	-
SCAFFOLD00010,69307	A	
SCAFFOLD00010,42822	G	
SCAFFOLD00010,88122	T	-
SCAFFOLD00010,28548	G	-
SCAFFOLD00010,66580	A	
SCAFFOLD00010,24350	T	-
SCAFFOLD00010,80061	A	
SCAFFOLD00010,82400	A	
SCAFFOLD00010,45076	C	
SCAFFOLD00010,22300	G	-
SCAFFOLD00010,54427	A	-
SCAFFOLD00010,101991	G	
SCAFFOLD00010,63495	C	
SCAFFOLD00010,102272	A	
SCAFFOLD00010,82979	T	-
SCAFFOLD00010,83774	G	-
SCAFFOLD00010,85565	G	-
SCAFFOLD00010,41168	T	
SCAFFOLD00010,43945	C	
SCAFFOLD00010,48652	G	
SCAFFOLD00010,61564	T	-
SCAFFOLD00010,45640	T	
SCAFFOLD00010,34367	A	
SCAFFOLD00010,96942	T	-
SCAFFOLD00010,72695	A	-
SCAFFOLD00010,15011	A	
SCAFFOLD00010,38993	T	
SCAFFOLD00010,44091	C	
SCAFFOLD00010,37469	G	
SCAFFOLD00010,71644	A	
SCAFFOLD00010,107718	A	-
SCAFFOLD00010,18682	G	-
SCAFFOLD00010,88058	G	-
SCAFFOLD00010,100334	G	-
SCAFFOLD00010,88321	C	
SCAFFOLD00010,81369	C	-
SCAFFOLD00010,97343	A	
SCAFFOLD00010,102429	G	-
SCAFFOLD00010,97758	C	-
SCAFFOLD00010,17955	T	
SCAFFOLD00010,106512	C	
SCAFFOLD00010,115267	T	
SCAFFOLD00010,18928	T	-
SCAFFOLD00010,39131	T	-
SCAFFOLD00010,42070	G	
SCAFFOLD00010,52330	T	-
SCAFFOLD00010,91259	G	-
SCAFFOLD00010,14875	C	-
SCAFFOLD00010,45488	C	
SCAFFOLD00010,114522	G	-
SCAFFOLD00010,32199	C	
SCAFFOLD00010,30323	C	-
SCAFFOLD00010,75804	A	
SCAFFOLD00010,72604	T	
SCAFFOLD00010,32457	T	
SCAFFOLD00010,22686	T	-
SCAFFOLD00010,80491	G	
SCAFFOLD00010,116671	C	
SCAFFOLD00010,8404	C	
SCAFFOLD00010,76041	G	
SCAFFOLD00010,17820	C	-
SCAFFOLD00010,28278	G	
SCAFFOLD00010,71441	T	
SCAFFOLD00010,15304	T	-
SCAFFOLD00010,83759	A	-
SCAFFOLD00010,7207	G	
SCAFFOLD00010,117567	G	-
SCAFFOLD00010,98048	C	-
SCAFFOLD00010,59580	G	
SCAFFOLD00010,96045	A	-
SCAFFOLD00010,3180	G	
SCAFFOLD00010,14391	T	
SCAFFOLD00010,37385	C	-
SCAFFOLD00010,76148	A	
SCAFFOLD00010,79313	C	
SCAFFOLD00010,51810	G	-
SCAFFOLD00010,114425	C	
SCAFFOLD00010,73557	A	
SCAFFOLD00010,61887	C	
SCAFFOLD00010,96761	T	-
SCAFFOLD00010,30026	C	
SCAFFOLD00010,117600	A	
SCAFFOLD00010,50940	T	
SCAFFOLD00010,7101	T	-
SCAFFOLD00010,488	T	
SCAFFOLD00010,39294	G	-
SCAFFOLD00010,69538	G	
SCAFFOLD00010,30439	C	
SCAFFOLD00010,68220	A	
SCAFFOLD00010,74273	C	
SCAFFOLD00010,68850	T	
SCAFFOLD00010,100763	G	-
SCAFFOLD00010,17267	T	
SCAFFOLD00010,52591	G	-
SCAFFOLD00010,2162	T	
SCAFFOLD00003,72706	C	
SCAFFOLD00003,65712	C	
SCAFFOLD00003,94638	T	
SCAFFOLD00003,86847	G	
SCAFFOLD00003,23754	T	
SCAFFOLD00003,78915	G	
SCAFFOLD00003,98013	A	
SCAFFOLD00003,103786	C	
SCAFFOLD00003,97656	A	
SCAFFOLD00003,19268	G	-
SCAFFOLD00003,8383	C	
SCAFFOLD00003,67563	T	
SCAFFOLD00003,20844	C	
SCAFFOLD00003,96459	G	
SCAFFOLD00003,4470	G	-
SCAFFOLD00003,94693	T	
SCAFFOLD00003,8308	C	
SCAFFOLD00003,6006	G	
SCAFFOLD00003,102746	C	
SCAFFOLD00003,126864	G	
SCAFFOLD00003,104456	G	
SCAFFOLD00003,102572	C	
SCAFFOLD00003,102571	T	
SCAFFOLD00003,81256	T	
SCAFFOLD00003,103410	G	
SCAFFOLD00003,102748	T	
SCAFFOLD00003,55055	C	
SCAFFOLD00003,102900	G	
SCAFFOLD00003,49191	A	
SCAFFOLD00003,73948	A	
SCAFFOLD00003,73027	T	
SCAFFOLD00003,78000	G	
SCAFFOLD00003,102853	T	-
SCAFFOLD00003,80535	T	
SCAFFOLD00003,57145	C	-
SCAFFOLD00003,88829	T	
SCAFFOLD00003,103568	A	
SCAFFOLD00003,54045	T	
SCAFFOLD00003,44297	T	
SCAFFOLD00003,7809	G	
SCAFFOLD00003,45231	C	
SCAFFOLD00003,36797	G	-
SCAFFOLD00003,14664	A	
SCAFFOLD00003,90038	C	
SCAFFOLD00003,10051	C	
SCAFFOLD00003,102596	A	
SCAFFOLD00003,102692	G	
SCAFFOLD00003,26400	G	
SCAFFOLD00003,103748	G	
SCAFFOLD00003,102854	G	-
SCAFFOLD00003,90661	C	
SCAFFOLD00003,103865	A	
SCAFFOLD00003,58141	G	
SCAFFOLD00003,43269	C	
SCAFFOLD00003,49456	T	-
SCAFFOLD00003,79130	G	
SCAFFOLD00003,79135	A	
SCAFFOLD00003,81124	A	
SCAFFOLD00003,102505	G	
SCAFFOLD00003,103174	C	
SCAFFOLD00003,33127	A	
SCAFFOLD00003,74956	T	
SCAFFOLD00003,102619	T	
SCAFFOLD00003,102991	C	
SCAFFOLD00003,103370	A	
SCAFFOLD00003,36112	G	
SCAFFOLD00003,102613	C	
SCAFFOLD00003,110086	C	
SCAFFOLD00003,103713	G	
SCAFFOLD00003,97305	T	
SCAFFOLD00003,10530	C	
SCAFFOLD00003,83011	G	
SCAFFOLD00003,103036	C	
SCAFFOLD00003,103363	T	
SCAFFOLD00003,3822	G	
SCAFFOLD00003,126277	G	
SCAFFOLD00003,599	G	
SCAFFOLD00003,48465	T	-
SCAFFOLD00003,124066	T	
SCAFFOLD00003,101407	G	
SCAFFOLD00003,102839	G	
SCAFFOLD00003,109008	T	
SCAFFOLD00003,80924	T	
SCAFFOLD00003,131377	G	
SCAFFOLD00003,92440	T	
SCAFFOLD00003,20299	C	
SCAFFOLD00003,43981	A	
SCAFFOLD00003,50347	C	-
SCAFFOLD00003,123984	G	
SCAFFOLD00003,58365	C	
SCAFFOLD00003,108990	C	
SCAFFOLD00003,19041	T	
SCAFFOLD00003,26607	G	
SCAFFOLD00003,2544	C	
SCAFFOLD00003,8884	G	
SCAFFOLD00003,46121	G	-
SCAFFOLD00003,103671	T	
SCAFFOLD00003,79129	G	
SCAFFOLD00003,85134	A	
SCAFFOLD00003,132240	T	
SCAFFOLD00003,40331	C	
SCAFFOLD00003,45108	A	-
SCAFFOLD00003,30447	T	
SCAFFOLD00003,105484	T	
SCAFFOLD00003,116441	C	
SCAFFOLD00003,68927	G	
SCAFFOLD00003,47769	C	-
SCAFFOLD00003,20379	G	
SCAFFOLD00003,131069	A	
SCAFFOLD00003,97991	A	
SCAFFOLD00003,55098	G	
SCAFFOLD00003,6589	C	
SCAFFOLD00003,102332	T	
SCAFFOLD00003,103301	A	
SCAFFOLD00003,47767	C	-
SCAFFOLD00003,40608	T	
SCAFFOLD00003,50358	G	-
SCAFFOLD00003,98310	T	
SCAFFOLD00003,18346	C	
SCAFFOLD00003,126803	C	
SCAFFOLD00003,8696	C	
SCAFFOLD00003,126804	G	
SCAFFOLD00003,81691	A	
SCAFFOLD00003,87912	C	
SCAFFOLD00003,87529	C	
SCAFFOLD00003,102443	G	
SCAFFOLD00003,81347	T	
SCAFFOLD00003,98586	G	
SCAFFOLD00003,50695	A	
SCAFFOLD00003,103784	A	
SCAFFOLD00003,43453	A	
SCAFFOLD00003,44901	A	-
SCAFFOLD00003,39090	A	
SCAFFOLD00003,54538	A	
SCAFFOLD00003,79611	C	
SCAFFOLD00003,103842	T	
SCAFFOLD00003,83884	C	
SCAFFOLD00003,120432	G	
SCAFFOLD00003,46156	G	-
SCAFFOLD00003,47383	G	-
SCAFFOLD00003,100008	T	
SCAFFOLD00003,45440	G	-
SCAFFOLD00003,14031	A	
SCAFFOLD00003,82954	T	
SCAFFOLD00003,65881	G	
SCAFFOLD00003,84660	A	
SCAFFOLD00003,54885	C	
SCAFFOLD00003,65594	G	
SCAFFOLD00003,103416	C	
SCAFFOLD00003,128219	G	
SCAFFOLD00003,8292	T	
SCAFFOLD00003,54014	C	
SCAFFOLD00003,9877	C	
SCAFFOLD00003,109097	G	
SCAFFOLD00003,48640	C	-
SCAFFOLD00003,48016	C	
SCAFFOLD00003,45195	G	
SCAFFOLD00003,102788	A	
SCAFFOLD00003,97808	T	
SCAFFOLD00003,102620	A	
SCAFFOLD00003,75116	A	
SCAFFOLD00003,99905	G	
SCAFFOLD00003,102780	G	
SCAFFOLD00003,79945	C	
SCAFFOLD00003,79946	G	
SCAFFOLD00003,80777	A	
SCAFFOLD00003,83405	G	
SCAFFOLD00003,79943	T	
SCAFFOLD00003,102700	G	
SCAFFOLD00003,103598	G	
SCAFFOLD00003,73605	G	
SCAFFOLD00003,99194	A	
SCAFFOLD00003,122872	A	
SCAFFOLD00003,9404	C	
SCAFFOLD00003,37151	C	
SCAFFOLD00003,26036	T	
SCAFFOLD00003,103858	T	
SCAFFOLD00003,101323	T	
SCAFFOLD00003,73166	A	
SCAFFOLD00003,54673	G	
SCAFFOLD00003,102634	T	
SCAFFOLD00003,45490	A	
SCAFFOLD00003,103024	C	
SCAFFOLD00003,99913	C	
SCAFFOLD00003,76558	C	
SCAFFOLD00003,82949	T	
SCAFFOLD00003,56446	A	
SCAFFOLD00003,80760	G	
SCAFFOLD00003,79839	C	
SCAFFOLD00003,91203	A	
SCAFFOLD00003,58583	G	
SCAFFOLD00003,45464	A	
SCAFFOLD00003,110593	T	
SCAFFOLD00003,102422	T	
SCAFFOLD00003,45785	T	
SCAFFOLD00003,83419	C	
SCAFFOLD00003,80804	T	
SCAFFOLD00003,109494	C	
SCAFFOLD00003,11530	C	
SCAFFOLD00003,54963	T	
SCAFFOLD00003,85595	C	
SCAFFOLD00003,78884	T	
SCAFFOLD00003,91322	A	
SCAFFOLD00003,73662	T	
SCAFFOLD00003,48312	G	
SCAFFOLD00003,45595	C	-
SCAFFOLD00003,102899	T	
SCAFFOLD00003,100022	A	
SCAFFOLD00003,103335	T	
SCAFFOLD00003,81385	T	
SCAFFOLD00003,22113	T	
SCAFFOLD00003,9345	C	-
SCAFFOLD00003,79410	C	
SCAFFOLD00003,102520	A	
SCAFFOLD00003,45487	G	
SCAFFOLD00003,78664	T	
SCAFFOLD00003,77701	C	
SCAFFOLD00003,101662	T	
SCAFFOLD00003,35642	C	
SCAFFOLD00003,64325	A	
SCAFFOLD00003,44902	T	-
SCAFFOLD00003,103122	C	
SCAFFOLD00003,102888	A	
SCAFFOLD00003,103127	T	
SCAFFOLD00003,100050	C	
SCAFFOLD00003,55875	G	
SCAFFOLD00003,103637	A	
SCAFFOLD00003,81270	C	
SCAFFOLD00003,102799	T	
SCAFFOLD00003,59183	C	
SCAFFOLD00003,101057	T	
SCAFFOLD00003,54175	A	
SCAFFOLD00003,58193	G	
SCAFFOLD00003,101747	A	
SCAFFOLD00003,103183	C	
SCAFFOLD00003,82663	T	
SCAFFOLD00003,79848	C	
SCAFFOLD00003,107032	A	
SCAFFOLD00003,97997	C	
SCAFFOLD00003,101291	A	
SCAFFOLD00003,76145	T	
SCAFFOLD00003,33727	G	
SCAFFOLD00003,103321	A	
SCAFFOLD00003,25495	G	
SCAFFOLD00003,84176	G	
SCAFFOLD00003,40104	A	
SCAFFOLD00003,41212	C	
SCAFFOLD00003,79317	G	
SCAFFOLD00003,56007	T	
SCAFFOLD00003,45328	A	-
SCAFFOLD00003,18718	G	
SCAFFOLD00003,94579	C	
SCAFFOLD00003,99325	A	-
SCAFFOLD00003,45327	C	-
SCAFFOLD00003,43363	G	
SCAFFOLD00003,4799	C	
SCAFFOLD00003,102890	A	
SCAFFOLD00003,103783	G	
SCAFFOLD00003,132009	C	
SCAFFOLD00003,102971	A	
SCAFFOLD00003,102879	C	
SCAFFOLD00003,50318	T	-
SCAFFOLD00003,103015	C	
SCAFFOLD00003,4398	T	C
SCAFFOLD00003,49924	T	
SCAFFOLD00003,9291	C	
SCAFFOLD00003,84841	G	
SCAFFOLD00003,103631	T	
SCAFFOLD00003,47696	G	-
SCAFFOLD00003,102401	G	
SCAFFOLD00003,103564	C	
SCAFFOLD00003,78534	T	
SCAFFOLD00003,31725	C	
SCAFFOLD00003,64891	C	
SCAFFOLD00003,40818	T	-
SCAFFOLD00003,51318	C	
SCAFFOLD00003,128894	A	
SCAFFOLD00003,68512	C	
SCAFFOLD00003,47507	C	
SCAFFOLD00003,103001	T	
SCAFFOLD00003,102629	C	
SCAFFOLD00003,87952	C	
SCAFFOLD00003,83607	G	
SCAFFOLD00003,99953	C	
SCAFFOLD00002,138095	G	
SCAFFOLD00002,48113	C	-
SCAFFOLD00002,74063	G	
SCAFFOLD00002,73394	A	
SCAFFOLD00002,130469	G	-
SCAFFOLD00002,48529	C	
SCAFFOLD00002,118155	G	
SCAFFOLD00002,4148	G	-
SCAFFOLD00002,36605	A	-
SCAFFOLD00002,33424	C	
SCAFFOLD00002,26836	A	-
SCAFFOLD00002,54732	T	
SCAFFOLD00002,54046	A	
SCAFFOLD00002,108195	A	-
SCAFFOLD00002,24308	A	
SCAFFOLD00002,22000	C	
SCAFFOLD00002,97389	A	
SCAFFOLD00002,83620	G	
SCAFFOLD00002,82990	A	
SCAFFOLD00002,27403	T	
SCAFFOLD00002,100663	G	
SCAFFOLD00002,299	C	-
SCAFFOLD00002,96010	A	
SCAFFOLD00002,129546	A	-
SCAFFOLD00002,108283	T	-
SCAFFOLD00002,108282	G	-
SCAFFOLD00002,57297	C	-
SCAFFOLD00002,17557	C	-
SCAFFOLD00002,123213	A	
SCAFFOLD00002,74245	T	
SCAFFOLD00002,25500	G	-
SCAFFOLD00002,59475	T	
SCAFFOLD00002,115582	G	
SCAFFOLD00002,101427	T	
SCAFFOLD00002,2980	T	
SCAFFOLD00002,99968	C	-
SCAFFOLD00002,130166	T	-
SCAFFOLD00002,137946	C	
SCAFFOLD00002,83004	C	-
SCAFFOLD00002,64173	C	
SCAFFOLD00002,57174	C	
SCAFFOLD00002,16485	C	-
SCAFFOLD00002,28395	T	
SCAFFOLD00002,4195	G	-
SCAFFOLD00002,4359	C	-
SCAFFOLD00002,137546	G	
SCAFFOLD00002,28713	G	
SCAFFOLD00002,27657	T	
SCAFFOLD00002,45110	G	
SCAFFOLD00002,1538	A	
SCAFFOLD00002,47163	C	-
SCAFFOLD00002,62580	A	
SCAFFOLD00002,135962	C	
SCAFFOLD00002,99106	C	
SCAFFOLD00002,58986	T	-
SCAFFOLD00002,108308	G	-
SCAFFOLD00002,90095	T	
SCAFFOLD00002,47517	A	-
SCAFFOLD00002,135904	C	-
SCAFFOLD00002,48024	C	
SCAFFOLD00002,111506	G	
SCAFFOLD00002,34976	G	-
SCAFFOLD00002,95	C	-
SCAFFOLD00002,74698	C	
SCAFFOLD00002,64830	G	-
SCAFFOLD00002,100582	C	
SCAFFOLD00002,54395	T	
SCAFFOLD00002,135868	A	-
SCAFFOLD00002,31387	G	
SCAFFOLD00002,30157	C	
SCAFFOLD00002,76577	C	
SCAFFOLD00002,40480	T	
SCAFFOLD00002,28690	A	
SCAFFOLD00002,28698	T	
SCAFFOLD00002,34382	A	-
SCAFFOLD00002,85375	C	
SCAFFOLD00002,97933	G	
SCAFFOLD00002,28369	C	
SCAFFOLD00002,129629	G	-
SCAFFOLD00002,56094	G	
SCAFFOLD00002,47043	T	
SCAFFOLD00002,5177	C	-
SCAFFOLD00002,42283	G	
SCAFFOLD00002,100573	G	
SCAFFOLD00002,5072	C	
SCAFFOLD00002,52670	A	-
SCAFFOLD00002,3418	T	-
SCAFFOLD00002,28625	A	
SCAFFOLD00002,42167	T	
SCAFFOLD00002,95582	G	-
SCAFFOLD00002,108341	A	-
SCAFFOLD00002,44727	C	-
SCAFFOLD00002,53951	C	
SCAFFOLD00002,134621	T	
SCAFFOLD00002,403	G	
SCAFFOLD00002,28216	A	
SCAFFOLD00002,36802	C	-
SCAFFOLD00002,48325	C	
SCAFFOLD00002,137280	G	
SCAFFOLD00002,3934	G	-
SCAFFOLD00002,130376	G	-
SCAFFOLD00002,73471	T	
SCAFFOLD00002,3931	G	-
SCAFFOLD00002,101713	T	-
SCAFFOLD00002,49824	C	
SCAFFOLD00002,29209	T	
SCAFFOLD00002,100277	G	
SCAFFOLD00002,48214	T	-
SCAFFOLD00002,4480	G	-
SCAFFOLD00002,28139	T	
SCAFFOLD00002,48194	C	-
SCAFFOLD00002,18982	C	
SCAFFOLD00002,77751	G	-
SCAFFOLD00002,27430	A	
SCAFFOLD00002,117015	G	
SCAFFOLD00002,14192	G	
SCAFFOLD00002,87388	A	
SCAFFOLD00002,106619	A	-
SCAFFOLD00002,56508	T	
SCAFFOLD00002,87598	G	
SCAFFOLD00002,64115	C	
SCAFFOLD00002,2283	G	
SCAFFOLD00002,30707	C	
SCAFFOLD00002,4620	C	-
SCAFFOLD00002,28411	G	
SCAFFOLD00002,55804	C	
SCAFFOLD00002,55808	A	
SCAFFOLD00002,28790	A	
SCAFFOLD00002,99855	G	
SCAFFOLD00002,30207	C	
SCAFFOLD00002,83643	C	
SCAFFOLD00002,96649	A	
SCAFFOLD00002,29437	T	
SCAFFOLD00002,4261	A	-
SCAFFOLD00002,136576	A	
SCAFFOLD00002,134903	T	
SCAFFOLD00002,6534	G	
SCAFFOLD00002,1875	G	
SCAFFOLD00002,132111	G	
SCAFFOLD00002,40454	G	
SCAFFOLD00002,108141	C	-
SCAFFOLD00002,28702	G	
SCAFFOLD00002,85427	T	
SCAFFOLD00002,74223	T	
SCAFFOLD00002,118324	A	-
SCAFFOLD00002,98297	A	
SCAFFOLD00002,134874	C	-
SCAFFOLD00002,23887	C	
SCAFFOLD00002,26718	C	
SCAFFOLD00002,85604	G	-
SCAFFOLD00002,19109	G	
SCAFFOLD00002,55385	C	-
SCAFFOLD00002,37541	C	
SCAFFOLD00002,90778	C	
SCAFFOLD00002,28770	T	
SCAFFOLD00002,48251	G	
SCAFFOLD00002,114050	G	
SCAFFOLD00002,32014	G	
SCAFFOLD00002,130282	T	-
SCAFFOLD00002,48137	T	-
SCAFFOLD00002,100341	A	-
SCAFFOLD00002,29273	G	
SCAFFOLD00002,106651	C	
SCAFFOLD00002,106656	G	
SCAFFOLD00002,35243	G	-
SCAFFOLD00002,95800	C	
SCAFFOLD00002,102649	C	-
SCAFFOLD00002,103249	C	-
SCAFFOLD00002,55514	G	
SCAFFOLD00002,30581	G	
SCAFFOLD00002,74543	G	
SCAFFOLD00002,12953	C	
SCAFFOLD00002,119353	C	
SCAFFOLD00002,119351	T	
SCAFFOLD00002,25163	C	-
SCAFFOLD00002,55687	A	
SCAFFOLD00002,55683	T	
SCAFFOLD00002,108031	C	
SCAFFOLD00002,33900	G	-
SCAFFOLD00002,130664	A	
SCAFFOLD00002,31722	C	
SCAFFOLD00002,27460	C	
SCAFFOLD00002,100988	G	
SCAFFOLD00002,100769	T	
SCAFFOLD00002,76464	G	
SCAFFOLD00002,101080	C	-
SCAFFOLD00002,15459	T	-
SCAFFOLD00002,56038	G	
SCAFFOLD00002,99311	T	
SCAFFOLD00002,99310	T	
SCAFFOLD00002,90680	C	-
SCAFFOLD00002,114545	G	-
SCAFFOLD00002,27602	C	
SCAFFOLD00002,108513	T	-
SCAFFOLD00002,136587	A	
SCAFFOLD00002,29971	A	
SCAFFOLD00002,96776	G	
SCAFFOLD00002,28583	T	
SCAFFOLD00002,28580	C	
SCAFFOLD00002,135650	G	-
SCAFFOLD00002,26279	T	
SCAFFOLD00002,6441	G	
SCAFFOLD00002,102268	G	-
SCAFFOLD00002,102507	T	-
SCAFFOLD00002,27675	T	
SCAFFOLD00002,59253	G	
SCAFFOLD00002,67477	G	
SCAFFOLD00002,29601	G	
SCAFFOLD00002,53762	A	
SCAFFOLD00002,121807	A	
SCAFFOLD00002,48506	A	
SCAFFOLD00002,55329	C	
SCAFFOLD00002,3946	A	-
SCAFFOLD00002,100795	G	
SCAFFOLD00002,111554	A	-
SCAFFOLD00002,29230	G	
SCAFFOLD00002,5094	A	-
SCAFFOLD00002,91042	G	
SCAFFOLD00002,29821	A	
SCAFFOLD00002,103361	A	-
SCAFFOLD00002,138023	G	
SCAFFOLD00002,54522	G	
SCAFFOLD00002,55257	G	-
SCAFFOLD00002,129872	G	-
SCAFFOLD00002,18992	A	-
SCAFFOLD00002,75525	A	-
SCAFFOLD00002,55883	A	
SCAFFOLD00002,2937	A	-
SCAFFOLD00002,30173	A	
SCAFFOLD00002,116923	T	-
SCAFFOLD00002,116922	C	-
SCAFFOLD00002,125953	T	-
SCAFFOLD00002,27429	T	
SCAFFOLD00002,107639	T	-
SCAFFOLD00002,130492	C	
SCAFFOLD00002,55630	C	
SCAFFOLD00002,44101	T	-
SCAFFOLD00002,54782	T	
SCAFFOLD00002,56671	G	
SCAFFOLD00002,60487	A	
SCAFFOLD00002,108558	C	
SCAFFOLD00002,54017	C	
SCAFFOLD00002,2206	C	
SCAFFOLD00002,130225	A	-
SCAFFOLD00002,30273	A	
SCAFFOLD00002,99225	C	
SCAFFOLD00002,1867	G	
SCAFFOLD00002,27638	G	
SCAFFOLD00002,3727	A	
SCAFFOLD00002,25256	C	-
SCAFFOLD00002,6353	T	
SCAFFOLD00002,72296	C	-
SCAFFOLD00002,103034	A	
SCAFFOLD00002,130032	C	
SCAFFOLD00002,64537	G	
SCAFFOLD00002,64532	A	
SCAFFOLD00002,28067	G	
SCAFFOLD00002,2105	C	
SCAFFOLD00002,85351	G	
SCAFFOLD00002,31329	G	
SCAFFOLD00002,87551	A	
SCAFFOLD00002,21702	G	-
SCAFFOLD00002,12812	G	
SCAFFOLD00002,75078	T	
SCAFFOLD00002,66846	A	
SCAFFOLD00002,3438	T	-
SCAFFOLD00002,119064	C	
SCAFFOLD00002,108322	A	-
SCAFFOLD00002,54875	A	
SCAFFOLD00002,53878	C	
SCAFFOLD00002,49397	A	-
SCAFFOLD00002,70130	T	
SCAFFOLD00002,53873	G	
SCAFFOLD00002,84658	A	
SCAFFOLD00002,56482	G	
SCAFFOLD00002,34810	C	-
SCAFFOLD00002,99151	A	
SCAFFOLD00002,54580	A	
SCAFFOLD00002,78900	A	
SCAFFOLD00002,74257	C	
SCAFFOLD00002,4151	T	-
SCAFFOLD00002,56417	C	
SCAFFOLD00002,98936	A	-
SCAFFOLD00002,103921	A	
SCAFFOLD00002,71355	T	
SCAFFOLD00002,3985	T	-
SCAFFOLD00002,18820	G	-
SCAFFOLD00002,4511	C	-
SCAFFOLD00002,33933	A	-
SCAFFOLD00002,54720	T	
SCAFFOLD00002,54290	G	
SCAFFOLD00002,122532	A	-
SCAFFOLD00002,96976	A	-
SCAFFOLD00002,86433	G	
SCAFFOLD00002,29463	C	
SCAFFOLD00002,100077	T	
SCAFFOLD00002,118135	C	
SCAFFOLD00002,56158	G	
SCAFFOLD00002,129796	G	
SCAFFOLD00002,123204	G	
SCAFFOLD00002,129615	G	-
SCAFFOLD00002,137727	T	
SCAFFOLD00002,27523	G	
SCAFFOLD00002,80602	G	
SCAFFOLD00002,64142	C	
SCAFFOLD00002,30344	T	
SCAFFOLD00002,129090	G	
SCAFFOLD00002,64289	C	
SCAFFOLD00002,45197	T	
SCAFFOLD00002,134510	T	
SCAFFOLD00002,101894	T	-
SCAFFOLD00002,131779	T	
SCAFFOLD00002,130535	A	
SCAFFOLD00002,100411	C	-
SCAFFOLD00002,100414	T	-
SCAFFOLD00002,27709	C	
SCAFFOLD00002,118555	G	
SCAFFOLD00002,134217	C	
SCAFFOLD00002,102510	G	-
SCAFFOLD00002,75239	G	
SCAFFOLD00002,59300	A	
SCAFFOLD00002,2788	C	
SCAFFOLD00002,53010	A	-
SCAFFOLD00002,53019	C	
SCAFFOLD00002,90234	T	
SCAFFOLD00002,127281	T	
SCAFFOLD00002,131801	G	
SCAFFOLD00002,130820	G	
SCAFFOLD00002,127289	G	
SCAFFOLD00002,130041	A	
SCAFFOLD00002,29227	C	
SCAFFOLD00002,132477	A	-
SCAFFOLD00002,107978	T	
SCAFFOLD00002,110968	C	-
SCAFFOLD00002,60323	T	
SCAFFOLD00002,113943	G	
SCAFFOLD00002,30147	T	
SCAFFOLD00002,30146	A	
SCAFFOLD00002,86579	A	
SCAFFOLD00002,81683	C	
SCAFFOLD00002,54792	G	
SCAFFOLD00002,27249	A	
SCAFFOLD00002,98909	T	
SCAFFOLD00002,29253	A	
SCAFFOLD00002,83486	G	
SCAFFOLD00002,65106	C	
SCAFFOLD00002,48089	T	-
SCAFFOLD00002,73459	C	
SCAFFOLD00002,37811	T	
SCAFFOLD00002,75340	T	
SCAFFOLD00002,3607	T	-
SCAFFOLD00002,67634	C	
SCAFFOLD00002,100933	T	
SCAFFOLD00002,110218	G	
SCAFFOLD00002,6888	C	
SCAFFOLD00002,87678	G	
SCAFFOLD00002,30260	T	
SCAFFOLD00002,115321	C	
SCAFFOLD00002,137655	A	
SCAFFOLD00002,126618	A	-
SCAFFOLD00002,4393	G	-
SCAFFOLD00002,131732	A	
SCAFFOLD00002,37862	G	
SCAFFOLD00002,28523	T	
SCAFFOLD00002,4694	G	
SCAFFOLD00002,72289	G	
SCAFFOLD00002,95316	C	
SCAFFOLD00002,101461	G	
SCAFFOLD00002,131932	C	
SCAFFOLD00002,129618	A	-
SCAFFOLD00002,97272	G	-
SCAFFOLD00002,55564	A	
SCAFFOLD00002,136678	C	
SCAFFOLD00002,48632	T	
SCAFFOLD00002,135950	C	-
SCAFFOLD00002,129832	A	-
SCAFFOLD00002,129839	A	-
SCAFFOLD00002,34780	A	
SCAFFOLD00002,130512	T	
SCAFFOLD00002,47297	G	
SCAFFOLD00002,51467	G	
SCAFFOLD00002,51468	C	
SCAFFOLD00002,108339	T	-
SCAFFOLD00002,75162	T	
SCAFFOLD00002,35398	A	-
SCAFFOLD00002,54868	G	
SCAFFOLD00002,108334	A	-
SCAFFOLD00002,27385	A	
SCAFFOLD00002,28618	A	
SCAFFOLD00002,28612	T	
SCAFFOLD00002,62955	A	
SCAFFOLD00002,28758	C	
SCAFFOLD00001,97659	G	-
SCAFFOLD00001,15606	G	-
SCAFFOLD00001,113828	A	-
SCAFFOLD00001,1308	A	-
SCAFFOLD00001,29860	G	-
SCAFFOLD00001,20448	A	
SCAFFOLD00001,21272	C	
SCAFFOLD00001,140385	G	-
SCAFFOLD00001,94796	C	-
SCAFFOLD00001,95180	T	
SCAFFOLD00001,55916	T	-
SCAFFOLD00001,85469	A	
SCAFFOLD00001,136371	G	-
SCAFFOLD00001,61749	C	
SCAFFOLD00001,125452	G	
SCAFFOLD00001,74148	G	
SCAFFOLD00001,93383	A	-
SCAFFOLD00001,98829	C	
SCAFFOLD00001,33421	G	
SCAFFOLD00001,2155	G	
SCAFFOLD00001,22263	C	
SCAFFOLD00001,24710	A	
SCAFFOLD00001,71346	T	-
SCAFFOLD00001,35930	C	
SCAFFOLD00001,123562	G	
SCAFFOLD00001,125664	G	
SCAFFOLD00001,139704	T	
SCAFFOLD00001,21176	C	
SCAFFOLD00001,24828	T	
SCAFFOLD00001,31264	C	
SCAFFOLD00001,139058	A	
SCAFFOLD00001,19941	G	
SCAFFOLD00001,134363	T	-
SCAFFOLD00001,48517	C	-
SCAFFOLD00001,67619	C	
SCAFFOLD00001,78083	C	-
SCAFFOLD00001,117148	T	-
SCAFFOLD00001,28639	T	
SCAFFOLD00001,11474	C	
SCAFFOLD00001,125912	G	
SCAFFOLD00001,17089	G	
SCAFFOLD00001,85003	G	
SCAFFOLD00001,141070	C	-
SCAFFOLD00001,52148	T	
SCAFFOLD00001,125426	A	-
SCAFFOLD00001,40739	G	
SCAFFOLD00001,30991	T	
SCAFFOLD00001,130659	C	-
SCAFFOLD00001,30995	T	
SCAFFOLD00001,72763	C	
SCAFFOLD00001,72762	A	
SCAFFOLD00001,138730	A	
SCAFFOLD00001,25194	G	
SCAFFOLD00001,73963	A	
SCAFFOLD00001,66250	A	
SCAFFOLD00001,113863	G	
SCAFFOLD00001,2548	C	
SCAFFOLD00001,139081	A	
SCAFFOLD00001,6310	T	
SCAFFOLD00001,140953	T	
SCAFFOLD00001,3746	T	
SCAFFOLD00001,81747	C	-
SCAFFOLD00001,119868	T	-
SCAFFOLD00001,60184	C	
SCAFFOLD00001,125470	T	
SCAFFOLD00001,29521	A	
SCAFFOLD00001,10137	C	
SCAFFOLD00001,143314	G	
SCAFFOLD00001,25329	C	
SCAFFOLD00001,73767	G	
SCAFFOLD00001,137313	A	
SCAFFOLD00001,125455	G	
SCAFFOLD00001,38433	A	
SCAFFOLD00001,144163	A	-
SCAFFOLD00001,26424	T	
SCAFFOLD00001,27854	C	
SCAFFOLD00001,94380	A	-
SCAFFOLD00001,2271	G	
SCAFFOLD00001,133584	T	
SCAFFOLD00001,67017	A	-
SCAFFOLD00001,74333	G	
SCAFFOLD00001,130792	T	
SCAFFOLD00001,125933	A	
SCAFFOLD00001,29386	T	
SCAFFOLD00001,22148	C	
SCAFFOLD00001,28496	C	
SCAFFOLD00001,121832	G	
SCAFFOLD00001,12125	C	
SCAFFOLD00001,107528	A	
SCAFFOLD00001,19503	G	
SCAFFOLD00001,84894	G	-
SCAFFOLD00001,62345	G	
SCAFFOLD00001,74842	C	
SCAFFOLD00001,88286	C	
SCAFFOLD00001,87082	C	
SCAFFOLD00001,62504	G	-
SCAFFOLD00001,8216	G	
SCAFFOLD00001,29310	G	
SCAFFOLD00001,23714	G	
SCAFFOLD00001,140107	G	-
SCAFFOLD00001,72466	C	-
SCAFFOLD00001,108414	G	
SCAFFOLD00001,125658	A	
SCAFFOLD00001,27323	T	
SCAFFOLD00001,112888	G	
SCAFFOLD00001,93054	A	-
SCAFFOLD00001,71305	A	
SCAFFOLD00001,107126	C	
SCAFFOLD00001,76397	G	
SCAFFOLD00001,82218	C	
SCAFFOLD00001,86320	G	
SCAFFOLD00001,102534	C	
SCAFFOLD00001,28663	G	-
SCAFFOLD00001,82434	G	-
SCAFFOLD00001,23013	C	
SCAFFOLD00001,113466	A	-
SCAFFOLD00001,112003	G	-
SCAFFOLD00001,139027	C	
SCAFFOLD00001,83773	T	-
SCAFFOLD00001,141751	C	
SCAFFOLD00001,125538	T	
SCAFFOLD00001,125621	C	
SCAFFOLD00001,134648	G	
SCAFFOLD00001,10647	C	
SCAFFOLD00001,71533	C	
SCAFFOLD00001,70573	G	-
SCAFFOLD00001,75773	A	-
SCAFFOLD00001,6611	G	
SCAFFOLD00001,133772	G	
SCAFFOLD00001,15543	G	
SCAFFOLD00001,98851	T	-
SCAFFOLD00001,22806	T	
SCAFFOLD00001,103135	A	
SCAFFOLD00001,53450	G	
SCAFFOLD00001,125241	G	
SCAFFOLD00001,95178	G	
SCAFFOLD00001,139693	C	
SCAFFOLD00001,119780	G	
SCAFFOLD00001,79757	A	
SCAFFOLD00001,141613	T	
SCAFFOLD00001,97344	C	
SCAFFOLD00001,96118	C	
SCAFFOLD00001,131487	A	-
SCAFFOLD00001,78074	A	-
SCAFFOLD00001,80402	A	
SCAFFOLD00001,125636	T	
SCAFFOLD00001,64922	T	-
SCAFFOLD00001,63542	C	
SCAFFOLD00001,30034	G	
SCAFFOLD00001,27868	A	
SCAFFOLD00001,104743	C	
SCAFFOLD00001,125656	C	
SCAFFOLD00001,72600	T	-
SCAFFOLD00001,104878	T	-
SCAFFOLD00001,21702	G	
SCAFFOLD00001,5526	C	
SCAFFOLD00001,70333	C	
SCAFFOLD00001,112133	T	
SCAFFOLD00001,23225	A	
SCAFFOLD00001,141775	C	
SCAFFOLD00001,125494	T	
SCAFFOLD00001,127266	G	
SCAFFOLD00001,61815	G	-
SCAFFOLD00001,136995	G	
SCAFFOLD00001,141909	T	
SCAFFOLD00001,11074	A	
SCAFFOLD00001,140514	A	
SCAFFOLD00001,125891	C	
SCAFFOLD00001,50146	G	
SCAFFOLD00001,100751	C	
SCAFFOLD00001,62927	C	
SCAFFOLD00001,138477	A	
SCAFFOLD00001,141916	G	
SCAFFOLD00001,11480	A	
SCAFFOLD00001,50148	T	-
SCAFFOLD00001,25490	A	
SCAFFOLD00001,201	C	
SCAFFOLD00001,125571	C	
SCAFFOLD00001,8161	A	
SCAFFOLD00001,30239	T	
SCAFFOLD00001,18548	C	-
SCAFFOLD00001,125578	A	
SCAFFOLD00001,5280	A	-
SCAFFOLD00001,80894	G	-
SCAFFOLD00001,138878	A	-
SCAFFOLD00001,616	G	
SCAFFOLD00001,29723	C	
SCAFFOLD00001,24321	A	
SCAFFOLD00001,137744	C	
SCAFFOLD00001,121305	T	-
SCAFFOLD00001,125939	A	
SCAFFOLD00001,131746	G	
SCAFFOLD00001,86424	G	-
SCAFFOLD00001,144137	G	
SCAFFOLD00001,141763	T	
SCAFFOLD00001,121079	C	-
SCAFFOLD00001,137039	C	-
SCAFFOLD00001,1979	T	
SCAFFOLD00001,94798	C	-
SCAFFOLD00001,56555	A	
SCAFFOLD00001,58282	T	-
SCAFFOLD00001,125985	A	
SCAFFOLD00001,31609	T	
SCAFFOLD00001,2539	C	
SCAFFOLD00001,28389	A	
SCAFFOLD00001,137675	G	
SCAFFOLD00001,45526	G	-
SCAFFOLD00001,139773	C	
SCAFFOLD00001,141670	T	
SCAFFOLD00001,67219	G	-
SCAFFOLD00007,127716	G	
SCAFFOLD00007,5172	T	
SCAFFOLD00007,90780	A	
SCAFFOLD00007,50488	A	-
SCAFFOLD00007,50899	T	-
SCAFFOLD00007,128785	A	-
SCAFFOLD00007,34802	A	
SCAFFOLD00007,34803	A	
SCAFFOLD00007,93954	G	
SCAFFOLD00007,16569	T	
SCAFFOLD00007,50364	G	-
SCAFFOLD00007,50080	A	-
SCAFFOLD00007,48295	A	
SCAFFOLD00007,75700	G	
SCAFFOLD00007,16563	G	
SCAFFOLD00007,65538	A	
SCAFFOLD00007,55117	C	
SCAFFOLD00007,38117	T	
SCAFFOLD00007,5374	T	
SCAFFOLD00007,33135	G	
SCAFFOLD00007,54853	G	
SCAFFOLD00007,102273	A	
SCAFFOLD00007,36808	G	-
SCAFFOLD00007,64848	A	
SCAFFOLD00007,50793	C	
SCAFFOLD00007,97489	C	
SCAFFOLD00007,103543	A	
SCAFFOLD00007,37974	C	
SCAFFOLD00007,11700	A	-
SCAFFOLD00007,13167	C	
SCAFFOLD00007,87	C	-
SCAFFOLD00007,56965	A	-
SCAFFOLD00007,15931	A	
SCAFFOLD00007,58911	C	-
SCAFFOLD00007,47706	T	
SCAFFOLD00007,78734	C	
SCAFFOLD00007,33550	C	
SCAFFOLD00007,28904	A	
SCAFFOLD00007,107616	T	
SCAFFOLD00007,47234	C	-
SCAFFOLD00007,7963	A	
SCAFFOLD00007,29200	C	-
SCAFFOLD00007,76975	A	
SCAFFOLD00007,96226	A	
SCAFFOLD00007,126226	C	-
SCAFFOLD00007,47130	T	-
SCAFFOLD00007,71472	C	-
SCAFFOLD00007,49589	G	-
SCAFFOLD00007,75181	G	
SCAFFOLD00007,5309	C	
SCAFFOLD00007,73975	A	
SCAFFOLD00007,73495	T	
SCAFFOLD00007,34938	G	
SCAFFOLD00007,54623	C	
SCAFFOLD00007,39703	A	-
SCAFFOLD00007,92255	G	
SCAFFOLD00007,126908	G	
SCAFFOLD00007,45816	G	
SCAFFOLD00007,74795	T	
SCAFFOLD00007,95418	C	
SCAFFOLD00007,126873	G	-
SCAFFOLD00007,28137	G	
SCAFFOLD00007,87471	T	
SCAFFOLD00007,34872	A	
SCAFFOLD00007,2792	C	-
SCAFFOLD00007,2793	G	-
SCAFFOLD00007,42759	A	
SCAFFOLD00007,43775	G	
SCAFFOLD00007,91197	G	
SCAFFOLD00007,129049	G	-
SCAFFOLD00007,78970	G	
SCAFFOLD00007,73273	C	
SCAFFOLD00007,85631	G	
SCAFFOLD00007,73193	T	
SCAFFOLD00007,45989	A	-
SCAFFOLD00007,44474	C	
SCAFFOLD00007,45986	T	-
SCAFFOLD00007,53704	C	
SCAFFOLD00007,64761	A	-
SCAFFOLD00007,105393	G	
SCAFFOLD00007,34637	A	
SCAFFOLD00007,12423	C	
SCAFFOLD00007,91134	A	
SCAFFOLD00007,104874	C	
SCAFFOLD00007,33959	G	
SCAFFOLD00007,5763	T	
SCAFFOLD00007,13421	G	
SCAFFOLD00007,85841	T	
SCAFFOLD00007,75135	G	
SCAFFOLD00007,42623	G	
SCAFFOLD00007,48401	A	
SCAFFOLD00007,129042	T	-
SCAFFOLD00007,57594	C	
SCAFFOLD00007,20696	G	-
SCAFFOLD00007,120631	A	
SCAFFOLD00007,92246	C	
SCAFFOLD00007,16067	T	
SCAFFOLD00007,40332	A	
SCAFFOLD00007,29635	G	
SCAFFOLD00007,126666	C	
SCAFFOLD00007,55734	G	-
SCAFFOLD00007,85653	C	
SCAFFOLD00007,52965	G	
SCAFFOLD00007,35034	C	
SCAFFOLD00007,121983	T	
SCAFFOLD00007,92637	C	
SCAFFOLD00007,75113	G	
SCAFFOLD00007,95984	G	
SCAFFOLD00007,90357	A	
SCAFFOLD00007,109819	A	
SCAFFOLD00007,64422	T	-
SCAFFOLD00007,92833	G	
SCAFFOLD00007,35592	A	-
SCAFFOLD00007,52478	G	-
SCAFFOLD00007,16558	T	
SCAFFOLD00007,91871	T	
SCAFFOLD00007,109789	G	
SCAFFOLD00007,16954	G	
SCAFFOLD00007,78438	A	-
SCAFFOLD00007,31877	G	-
SCAFFOLD00007,50981	T	-
SCAFFOLD00007,72472	C	
SCAFFOLD00007,42824	A	
SCAFFOLD00007,58992	G	-
SCAFFOLD00007,71258	T	
SCAFFOLD00007,49847	G	-
SCAFFOLD00007,65533	C	-
SCAFFOLD00007,93512	T	
SCAFFOLD00007,106730	G	
SCAFFOLD00007,45569	C	
SCAFFOLD00007,106280	A	
SCAFFOLD00007,50469	C	
SCAFFOLD00007,35863	A	
SCAFFOLD00007,5870	C	-
SCAFFOLD00007,47115	A	-
SCAFFOLD00007,102209	G	
SCAFFOLD00007,65341	C	-
SCAFFOLD00007,89780	C	
SCAFFOLD00007,56455	C	-
SCAFFOLD00007,36035	C	
SCAFFOLD00007,128617	A	
SCAFFOLD00007,119040	T	
SCAFFOLD00007,39253	G	-
SCAFFOLD00007,128121	G	-
SCAFFOLD00007,109413	G	
SCAFFOLD00007,103586	A	
SCAFFOLD00007,100809	T	
SCAFFOLD00007,48565	C	-
SCAFFOLD00007,119609	T	
SCAFFOLD00007,126634	C	-
SCAFFOLD00007,29946	G	
SCAFFOLD00007,127639	C	
SCAFFOLD00007,40267	G	
SCAFFOLD00007,100802	A	
SCAFFOLD00007,104081	T	
SCAFFOLD00007,47364	G	
SCAFFOLD00007,90340	G	
SCAFFOLD00007,46788	A	
SCAFFOLD00007,94012	A	
SCAFFOLD00007,33975	C	
SCAFFOLD00007,12636	T	-
SCAFFOLD00007,105521	G	
SCAFFOLD00007,48404	G	-
SCAFFOLD00007,46863	G	
SCAFFOLD00007,40518	T	
SCAFFOLD00007,40984	A	-
SCAFFOLD00007,124659	T	
SCAFFOLD00007,90998	G	
SCAFFOLD00007,105927	C	
SCAFFOLD00007,40900	G	
SCAFFOLD00007,90618	A	
SCAFFOLD00007,5431	G	
SCAFFOLD00007,75117	G	
SCAFFOLD00007,117824	C	-
SCAFFOLD00007,105298	G	
SCAFFOLD00007,47350	G	
SCAFFOLD00007,49879	G	-
SCAFFOLD00007,7266	T	
SCAFFOLD00007,78594	A	-
SCAFFOLD00007,48488	C	-
SCAFFOLD00007,4532	G	
SCAFFOLD00007,49726	T	-
SCAFFOLD00007,67556	G	-
SCAFFOLD00007,103537	A	
SCAFFOLD00007,40688	C	
SCAFFOLD00007,50516	C	-
SCAFFOLD00007,128196	A	-
SCAFFOLD00007,93347	A	
SCAFFOLD00007,125004	G	
SCAFFOLD00007,106859	A	
SCAFFOLD00007,34282	G	
SCAFFOLD00007,47751	C	
SCAFFOLD00007,63280	C	
SCAFFOLD00007,34762	G	
SCAFFOLD00007,46160	A	-
SCAFFOLD00007,637	C	
SCAFFOLD00007,56873	G	
SCAFFOLD00007,15867	A	
SCAFFOLD00007,16539	C	-
SCAFFOLD00007,57751	A	
SCAFFOLD00007,46473	C	
SCAFFOLD00007,50317	C	-
SCAFFOLD00007,47376	T	
SCAFFOLD00007,119279	A	-
SCAFFOLD00007,15795	G	
SCAFFOLD00007,46879	C	-
SCAFFOLD00007,34561	A	
SCAFFOLD00007,9028	G	
SCAFFOLD00007,47371	G	
SCAFFOLD00007,7845	A	
SCAFFOLD00007,50233	C	-
SCAFFOLD00007,125701	G	-
SCAFFOLD00007,16736	T	
SCAFFOLD00007,48416	A	-
SCAFFOLD00007,50132	A	-
SCAFFOLD00007,46071	T	-
SCAFFOLD00007,4170	A	
SCAFFOLD00007,119073	G	
SCAFFOLD00007,84744	A	
SCAFFOLD00007,47834	C	
SCAFFOLD00007,34886	C	
SCAFFOLD00007,49866	C	-
SCAFFOLD00007,45892	A	
SCAFFOLD00007,50332	A	-
SCAFFOLD00007,49619	G	-
SCAFFOLD00007,42604	C	-
SCAFFOLD00007,47084	G	
SCAFFOLD00007,81999	A	-
SCAFFOLD00007,103532	T	
SCAFFOLD00007,725	C	-
SCAFFOLD00007,59597	G	
SCAFFOLD00007,81856	G	
SCAFFOLD00007,46173	G	
SCAFFOLD00007,16036	A	
SCAFFOLD00007,127578	T	-
SCAFFOLD00007,103648	A	
SCAFFOLD00007,102992	T	
SCAFFOLD00007,75161	C	
SCAFFOLD00007,111599	T	
SCAFFOLD00007,126469	G	
SCAFFOLD00007,73132	C	
SCAFFOLD00007,78383	C	-
SCAFFOLD00007,35162	G	
SCAFFOLD00007,4271	A	
SCAFFOLD00007,87191	C	
SCAFFOLD00007,106796	G	
SCAFFOLD00007,119181	C	
SCAFFOLD00007,86567	T	
SCAFFOLD00007,38635	G	-
SCAFFOLD00007,98498	A	
SCAFFOLD00007,16580	C	
SCAFFOLD00007,100954	A	
SCAFFOLD00007,34673	A	
SCAFFOLD00007,108248	G	
SCAFFOLD00007,5050	C	
SCAFFOLD00007,82078	C	
SCAFFOLD00007,4617	G	-
SCAFFOLD00007,49212	T	-
SCAFFOLD00007,45943	G	
SCAFFOLD00007,118117	G	-
SCAFFOLD00007,37306	T	-
SCAFFOLD00007,11177	G	-
SCAFFOLD00007,6344	G	-
SCAFFOLD00007,105832	T	
SCAFFOLD00007,879	T	
SCAFFOLD00007,43549	A	-
SCAFFOLD00007,47145	T	-
SCAFFOLD00007,39779	G	
SCAFFOLD00007,97749	G	
SCAFFOLD00007,91142	A	
SCAFFOLD00007,74201	C	
SCAFFOLD00007,109138	A	
SCAFFOLD00007,4553	G	
SCAFFOLD00007,4593	G	
SCAFFOLD00007,12211	A	-
SCAFFOLD00007,8858	T	
SCAFFOLD00007,91129	G	
SCAFFOLD00007,87495	G	
SCAFFOLD00007,18489	G	-
SCAFFOLD00007,90664	T	
SCAFFOLD00007,90179	G	
SCAFFOLD00007,45097	A	-
SCAFFOLD00007,33769	G	
SCAFFOLD00007,40805	T	
SCAFFOLD00007,102153	G	
SCAFFOLD00007,50519	G	-
SCAFFOLD00007,33628	C	-
SCAFFOLD00007,118139	G	-
SCAFFOLD00007,74079	A	
SCAFFOLD00007,103797	A	
SCAFFOLD00007,57022	A	-
SCAFFOLD00007,91147	A	
SCAFFOLD00007,73417	A	
SCAFFOLD00007,103554	G	
SCAFFOLD00007,94156	T	
SCAFFOLD00007,34542	T	
SCAFFOLD00007,40891	C	-
SCAFFOLD00007,47358	A	
SCAFFOLD00007,40897	G	-
SCAFFOLD00007,39517	C	
SCAFFOLD00007,34951	T	
SCAFFOLD00007,3700	A	
SCAFFOLD00007,14371	A	-
SCAFFOLD00007,46915	G	-
SCAFFOLD00007,43828	G	
SCAFFOLD00007,36557	G	-
SCAFFOLD00007,5362	C	-
SCAFFOLD00007,116594	C	
SCAFFOLD00007,51310	A	-
SCAFFOLD00007,47694	T	-
SCAFFOLD00007,5831	T	-
SCAFFOLD00007,45954	G	-
SCAFFOLD00007,50257	T	-
SCAFFOLD00007,47241	T	-
SCAFFOLD00007,84926	A	
SCAFFOLD00007,129059	A	
SCAFFOLD00007,50253	C	
SCAFFOLD00007,80150	T	
SCAFFOLD00007,35768	T	
SCAFFOLD00007,17260	C	
SCAFFOLD00007,7468	G	
SCAFFOLD00007,79155	C	-
SCAFFOLD00007,53745	C	-
SCAFFOLD00007,33584	C	
SCAFFOLD00007,43410	C	
SCAFFOLD00007,36079	C	-
SCAFFOLD00007,102416	T	
SCAFFOLD00007,61109	G	-
SCAFFOLD00007,126862	G	
SCAFFOLD00006,105674	G	
SCAFFOLD00006,69014	T	
SCAFFOLD00006,80203	T	
SCAFFOLD00006,87339	C	
SCAFFOLD00006,76908	C	
SCAFFOLD00006,34495	G	-
SCAFFOLD00006,28501	A	
SCAFFOLD00006,77379	G	
SCAFFOLD00006,20275	G	
SCAFFOLD00006,88568	G	
SCAFFOLD00006,4474	A	
SCAFFOLD00006,27366	G	
SCAFFOLD00006,69420	G	
SCAFFOLD00006,8862	T	
SCAFFOLD00006,26075	G	
SCAFFOLD00006,81083	A	
SCAFFOLD00006,9231	T	-
SCAFFOLD00006,45733	G	
SCAFFOLD00006,113733	C	
SCAFFOLD00006,102479	C	
SCAFFOLD00006,120294	A	-
SCAFFOLD00006,43177	G	-
SCAFFOLD00006,110956	G	
SCAFFOLD00006,36068	C	
SCAFFOLD00006,71908	C	
SCAFFOLD00006,120129	C	
SCAFFOLD00006,130804	C	-
SCAFFOLD00006,104069	A	
SCAFFOLD00006,4338	T	
SCAFFOLD00006,85313	G	
SCAFFOLD00006,37915	T	
SCAFFOLD00006,95849	T	
SCAFFOLD00006,96557	C	
SCAFFOLD00006,125516	G	
SCAFFOLD00006,114572	A	
SCAFFOLD00006,98441	G	
SCAFFOLD00006,77118	G	
SCAFFOLD00006,93903	C	
SCAFFOLD00006,113741	C	
SCAFFOLD00006,119137	T	-
SCAFFOLD00006,38803	G	-
SCAFFOLD00006,1952	G	
SCAFFOLD00006,99262	C	
SCAFFOLD00006,39375	G	-
SCAFFOLD00006,8021	T	
SCAFFOLD00006,108752	G	
SCAFFOLD00006,63525	C	
SCAFFOLD00006,51373	C	
SCAFFOLD00006,121429	A	
SCAFFOLD00006,117303	T	
SCAFFOLD00006,96156	C	
SCAFFOLD00006,99879	T	
SCAFFOLD00006,87503	T	
SCAFFOLD00006,95970	A	
SCAFFOLD00006,12745	G	-
SCAFFOLD00006,113740	C	
SCAFFOLD00006,74492	G	
SCAFFOLD00006,128162	T	
SCAFFOLD00006,104077	T	
SCAFFOLD00006,131260	G	-
SCAFFOLD00006,104129	A	
SCAFFOLD00006,112180	A	
SCAFFOLD00006,9099	T	
SCAFFOLD00006,104382	G	
SCAFFOLD00006,126959	C	
SCAFFOLD00006,63580	T	
SCAFFOLD00006,68958	C	
SCAFFOLD00006,10046	A	-
SCAFFOLD00006,21531	C	
SCAFFOLD00006,43196	C	
SCAFFOLD00006,79291	T	
SCAFFOLD00006,128000	C	
SCAFFOLD00006,90908	G	
SCAFFOLD00006,58365	G	
SCAFFOLD00006,115997	C	
SCAFFOLD00006,47147	G	
SCAFFOLD00006,25209	T	
SCAFFOLD00006,104377	A	
SCAFFOLD00006,833	A	
SCAFFOLD00006,36123	C	
SCAFFOLD00006,41087	G	-
SCAFFOLD00006,27846	T	
SCAFFOLD00006,36321	A	-
SCAFFOLD00006,75138	G	
SCAFFOLD00006,99107	C	
SCAFFOLD00006,69483	A	
SCAFFOLD00006,90707	C	
SCAFFOLD00006,69486	T	
SCAFFOLD00006,105489	A	
SCAFFOLD00006,915	C	
SCAFFOLD00006,30444	G	
SCAFFOLD00006,91420	T	
SCAFFOLD00006,92327	A	
SCAFFOLD00006,92636	A	
SCAFFOLD00006,99050	G	
SCAFFOLD00006,78860	G	
SCAFFOLD00006,114173	C	
SCAFFOLD00006,130917	C	-
SCAFFOLD00006,31790	A	
SCAFFOLD00006,114168	T	
SCAFFOLD00006,112394	G	
SCAFFOLD00006,124592	G	
SCAFFOLD00006,75207	T	
SCAFFOLD00006,111191	A	
SCAFFOLD00006,128691	C	
SCAFFOLD00006,111409	A	
SCAFFOLD00006,31878	G	-
SCAFFOLD00006,104456	C	
SCAFFOLD00006,114353	T	
SCAFFOLD00006,80856	C	-
SCAFFOLD00006,125998	C	
SCAFFOLD00006,92427	C	
SCAFFOLD00006,74235	G	
SCAFFOLD00006,77	G	
SCAFFOLD00006,11000	C	
SCAFFOLD00006,127416	A	
SCAFFOLD00006,64594	A	
SCAFFOLD00006,86373	G	
SCAFFOLD00006,91428	C	
SCAFFOLD00006,4507	G	
SCAFFOLD00006,119654	G	
SCAFFOLD00006,104400	G	
SCAFFOLD00006,98071	T	
SCAFFOLD00006,32250	G	
SCAFFOLD00006,89480	T	
SCAFFOLD00006,113601	G	
SCAFFOLD00006,126129	T	
SCAFFOLD00006,113760	A	
SCAFFOLD00006,110873	A	
SCAFFOLD00006,120547	C	
SCAFFOLD00006,76549	A	
SCAFFOLD00006,54881	G	
SCAFFOLD00006,18454	G	
SCAFFOLD00006,99754	T	
SCAFFOLD00006,105906	C	
SCAFFOLD00006,112492	A	
SCAFFOLD00006,129045	G	
SCAFFOLD00006,7014	C	-
SCAFFOLD00006,11223	C	
SCAFFOLD00006,93585	G	
SCAFFOLD00006,27844	C	
SCAFFOLD00006,20134	A	
SCAFFOLD00006,75113	C	
SCAFFOLD00006,96230	A	
SCAFFOLD00006,99362	G	
SCAFFOLD00006,105914	C	
SCAFFOLD00006,28017	C	
SCAFFOLD00006,113672	A	-
SCAFFOLD00006,56353	A	
SCAFFOLD00006,89930	G	
SCAFFOLD00006,28920	C	
SCAFFOLD00006,3704	T	
SCAFFOLD00006,10911	G	
SCAFFOLD00006,114189	C	
SCAFFOLD00006,84597	T	
SCAFFOLD00006,69463	T	
SCAFFOLD00006,65849	A	
SCAFFOLD00006,116352	T	-
SCAFFOLD00006,98438	C	
SCAFFOLD00006,98231	G	
SCAFFOLD00006,116351	G	
SCAFFOLD00006,36494	T	
SCAFFOLD00006,111213	C	
SCAFFOLD00006,96944	G	
SCAFFOLD00006,98126	T	
SCAFFOLD00006,126190	G	
SCAFFOLD00006,91574	C	
SCAFFOLD00006,121235	G	
SCAFFOLD00006,111746	G	
SCAFFOLD00006,74561	C	
SCAFFOLD00006,130609	C	
SCAFFOLD00006,67359	A	
SCAFFOLD00006,113816	A	
SCAFFOLD00006,17754	G	
SCAFFOLD00006,14708	C	
SCAFFOLD00006,117342	C	-
SCAFFOLD00006,61173	G	
SCAFFOLD00006,44801	T	
SCAFFOLD00006,105325	C	
SCAFFOLD00006,42007	G	
SCAFFOLD00006,69921	C	
SCAFFOLD00006,110599	A	
SCAFFOLD00006,99346	G	
SCAFFOLD00006,39664	C	-
SCAFFOLD00006,116056	A	
SCAFFOLD00006,76134	G	
SCAFFOLD00006,108493	C	
SCAFFOLD00006,125389	G	
SCAFFOLD00006,40118	A	
SCAFFOLD00006,81460	T	
SCAFFOLD00006,52333	A	
SCAFFOLD00006,118808	C	
SCAFFOLD00006,62256	G	
SCAFFOLD00006,121575	G	
SCAFFOLD00006,28288	T	
SCAFFOLD00006,59620	C	-
SCAFFOLD00006,22687	C	
SCAFFOLD00006,43315	T	
SCAFFOLD00006,38635	G	
SCAFFOLD00006,106430	C	
SCAFFOLD00006,14493	A	
SCAFFOLD00006,88462	T	
SCAFFOLD00006,35086	C	-
SCAFFOLD00006,13585	C	
SCAFFOLD00006,79009	T	
SCAFFOLD00006,57963	C	
SCAFFOLD00006,87411	G	
SCAFFOLD00006,23767	C	
SCAFFOLD00006,108594	T	
SCAFFOLD00006,126746	G	-
SCAFFOLD00006,117565	G	
SCAFFOLD00006,66602	G	
SCAFFOLD00006,91715	G	
SCAFFOLD00006,42068	C	
SCAFFOLD00006,45329	T	
SCAFFOLD00006,60277	A	-
SCAFFOLD00006,59735	T	
SCAFFOLD00006,75404	G	
SCAFFOLD00006,26156	C	
SCAFFOLD00006,95699	G	
SCAFFOLD00006,35157	G	-
SCAFFOLD00006,7944	T	
SCAFFOLD00006,22692	G	
SCAFFOLD00006,12046	T	
SCAFFOLD00006,128951	C	
SCAFFOLD00006,92463	C	
SCAFFOLD00006,131281	A	
SCAFFOLD00006,112423	T	
SCAFFOLD00006,106008	C	
SCAFFOLD00006,74670	C	-
SCAFFOLD00006,481	C	
SCAFFOLD00006,73329	G	
SCAFFOLD00006,60967	C	
SCAFFOLD00006,111144	G	
SCAFFOLD00006,20305	G	
SCAFFOLD00006,944	C	
SCAFFOLD00006,105817	C	
SCAFFOLD00006,120184	C	
SCAFFOLD00006,40818	C	
SCAFFOLD00006,83054	C	
SCAFFOLD00006,54908	T	
SCAFFOLD00006,57384	A	-
SCAFFOLD00006,107933	G	
SCAFFOLD00006,105198	C	
SCAFFOLD00006,54903	T	
SCAFFOLD00006,61278	T	
SCAFFOLD00005,59890	G	-
SCAFFOLD00005,61214	G	-
SCAFFOLD00005,22774	A	-
SCAFFOLD00005,52776	C	-
SCAFFOLD00005,59728	A	-
SCAFFOLD00005,82699	A	-
SCAFFOLD00005,12775	C	-
SCAFFOLD00005,107018	T	-
SCAFFOLD00005,52860	C	
SCAFFOLD00005,39657	C	-
SCAFFOLD00005,23975	G	
SCAFFOLD00005,16372	G	
SCAFFOLD00005,18957	C	
SCAFFOLD00005,81721	G	
SCAFFOLD00005,94295	A	-
SCAFFOLD00005,93986	A	-
SCAFFOLD00005,39716	C	-
SCAFFOLD00005,104512	G	-
SCAFFOLD00005,109690	G	-
SCAFFOLD00005,113539	T	-
SCAFFOLD00005,7757	T	-
SCAFFOLD00005,125700	A	-
SCAFFOLD00005,26175	A	-
SCAFFOLD00005,92717	C	-
SCAFFOLD00005,101273	G	-
SCAFFOLD00005,90191	G	
SCAFFOLD00005,120438	C	-
SCAFFOLD00005,61205	C	-
SCAFFOLD00005,98577	G	
SCAFFOLD00005,52015	G	
SCAFFOLD00005,60752	T	-
SCAFFOLD00005,124772	A	-
SCAFFOLD00005,42450	A	-
SCAFFOLD00005,99262	G	-
SCAFFOLD00005,76585	A	-
SCAFFOLD00005,75221	A	
SCAFFOLD00005,59318	C	-
SCAFFOLD00005,61754	A	-
SCAFFOLD00005,76742	A	
SCAFFOLD00005,39572	T	-
SCAFFOLD00005,120357	G	-
SCAFFOLD00005,94044	G	
SCAFFOLD00005,19148	A	
SCAFFOLD00005,35330	T	
SCAFFOLD00005,102998	A	
SCAFFOLD00005,129091	A	
SCAFFOLD00005,41136	C	-
SCAFFOLD00005,19208	A	-
SCAFFOLD00005,49750	G	
SCAFFOLD00005,86417	C	-
SCAFFOLD00005,49205	C	
SCAFFOLD00005,104546	C	
SCAFFOLD00005,70304	C	
SCAFFOLD00005,89267	C	-
SCAFFOLD00005,57193	A	-
SCAFFOLD00005,59788	A	-
SCAFFOLD00005,6149	T	-
SCAFFOLD00005,59477	T	-
SCAFFOLD00005,118888	T	
SCAFFOLD00005,68643	G	-
SCAFFOLD00005,108416	T	
SCAFFOLD00005,86153	G	
SCAFFOLD00005,98800	C	
SCAFFOLD00005,13612	C	
SCAFFOLD00005,26312	G	-
SCAFFOLD00005,103478	C	
SCAFFOLD00005,92924	T	-
SCAFFOLD00005,86913	G	
SCAFFOLD00005,99568	A	-
SCAFFOLD00005,21113	T	-
SCAFFOLD00005,109400	C	-
SCAFFOLD00005,99528	T	-
SCAFFOLD00005,131060	A	
SCAFFOLD00005,100813	T	
SCAFFOLD00005,96534	C	-
SCAFFOLD00005,105382	T	-
SCAFFOLD00005,38704	T	-
SCAFFOLD00005,61848	A	-
SCAFFOLD00005,103	G	
SCAFFOLD00005,123548	A	-
SCAFFOLD00005,129414	T	-
SCAFFOLD00005,35454	C	-
SCAFFOLD00005,35795	C	-
SCAFFOLD00005,56516	G	-
SCAFFOLD00005,123265	C	
SCAFFOLD00005,20023	C	-
SCAFFOLD00005,104465	T	
SCAFFOLD00005,22864	T	-
SCAFFOLD00005,28325	C	-
SCAFFOLD00005,65457	C	
SCAFFOLD00005,52106	G	-
SCAFFOLD00005,43597	C	-
SCAFFOLD00005,61255	C	-
SCAFFOLD00005,99366	G	
SCAFFOLD00005,62103	A	-
SCAFFOLD00005,82018	T	-
SCAFFOLD00005,19293	C	-
SCAFFOLD00005,103758	T	-
SCAFFOLD00005,131090	C	-
SCAFFOLD00005,57905	T	-
SCAFFOLD00005,94655	C	
SCAFFOLD00005,115867	G	-
SCAFFOLD00005,97968	A	-
SCAFFOLD00005,48851	A	-
SCAFFOLD00005,51228	C	
SCAFFOLD00005,125498	T	-
SCAFFOLD00005,73770	G	-
SCAFFOLD00005,110751	T	
SCAFFOLD00005,123542	G	-
SCAFFOLD00005,25656	T	-
SCAFFOLD00005,110359	G	
SCAFFOLD00005,40275	T	-
SCAFFOLD00005,52625	A	-
SCAFFOLD00005,62766	C	-
SCAFFOLD00005,116749	G	-
SCAFFOLD00005,116196	T	-
SCAFFOLD00005,39747	C	-
SCAFFOLD00005,44491	C	-
SCAFFOLD00005,83570	G	-
SCAFFOLD00005,36549	G	-
SCAFFOLD00005,109220	A	-
SCAFFOLD00005,112868	C	-
SCAFFOLD00005,85896	G	
SCAFFOLD00005,53726	C	
SCAFFOLD00005,1452	T	-
SCAFFOLD00005,19458	A	-
SCAFFOLD00005,38876	A	-
SCAFFOLD00005,89525	G	-
SCAFFOLD00005,41078	G	-
SCAFFOLD00005,76244	C	
SCAFFOLD00005,107030	A	-
SCAFFOLD00005,107200	A	-
SCAFFOLD00005,129394	C	
SCAFFOLD00005,87712	G	
SCAFFOLD00005,48979	A	-
SCAFFOLD00005,13712	A	
SCAFFOLD00005,21892	A	
SCAFFOLD00005,125499	T	-
SCAFFOLD00005,66963	A	-
SCAFFOLD00005,40964	G	-
SCAFFOLD00005,35777	T	-
SCAFFOLD00005,61158	A	-
SCAFFOLD00005,111666	C	
SCAFFOLD00005,60998	C	-
SCAFFOLD00005,105893	T	
SCAFFOLD00005,20941	A	-
SCAFFOLD00005,56649	A	-
SCAFFOLD00005,98028	T	-
SCAFFOLD00005,103951	C	-
SCAFFOLD00005,14900	G	
SCAFFOLD00005,19881	A	
SCAFFOLD00005,99483	T	-
SCAFFOLD00005,64395	C	
SCAFFOLD00005,30023	C	-
SCAFFOLD00005,10509	C	
SCAFFOLD00005,59182	G	-
SCAFFOLD00005,104639	T	
SCAFFOLD00005,59135	G	
SCAFFOLD00005,2166	T	-
SCAFFOLD00005,11160	C	-
SCAFFOLD00005,56544	C	-
SCAFFOLD00005,102483	T	
SCAFFOLD00005,61006	T	-
SCAFFOLD00005,125326	G	
SCAFFOLD00005,98132	T	
SCAFFOLD00005,98133	C	
SCAFFOLD00005,58289	A	-
SCAFFOLD00005,9662	C	-
SCAFFOLD00004,20446	G	
SCAFFOLD00004,20445	T	
SCAFFOLD00004,65154	C	
SCAFFOLD00004,11826	A	
SCAFFOLD00004,8306	C	-
SCAFFOLD00004,9677	G	
SCAFFOLD00004,12629	C	
SCAFFOLD00004,13088	G	
SCAFFOLD00004,21401	T	
SCAFFOLD00004,36103	T	
SCAFFOLD00004,37046	G	
SCAFFOLD00004,19153	C	
SCAFFOLD00004,11180	T	
SCAFFOLD00004,22766	G	-
SCAFFOLD00004,65372	T	
SCAFFOLD00004,109054	T	
SCAFFOLD00004,710	C	
SCAFFOLD00004,101493	G	-
SCAFFOLD00004,27837	A	
SCAFFOLD00004,70961	G	-
SCAFFOLD00004,80723	T	-
SCAFFOLD00004,80831	C	-
SCAFFOLD00004,20047	A	
SCAFFOLD00004,4734	A	
SCAFFOLD00004,11543	T	
SCAFFOLD00004,51766	G	
SCAFFOLD00004,69951	C	
SCAFFOLD00004,44048	A	
SCAFFOLD00004,19659	G	
SCAFFOLD00004,40934	C	-
SCAFFOLD00004,59002	C	
SCAFFOLD00004,69073	C	
SCAFFOLD00004,21847	T	
SCAFFOLD00004,57114	T	
SCAFFOLD00004,12987	A	
SCAFFOLD00004,55837	C	
SCAFFOLD00004,22713	T	
SCAFFOLD00004,59472	A	
SCAFFOLD00004,56831	T	
SCAFFOLD00004,14592	A	-
SCAFFOLD00004,80590	T	
SCAFFOLD00004,20216	G	
SCAFFOLD00004,88025	C	
SCAFFOLD00004,66319	C	
SCAFFOLD00004,27304	C	
SCAFFOLD00004,11769	A	
SCAFFOLD00004,86910	T	-
SCAFFOLD00004,11764	C	
SCAFFOLD00004,66139	G	-
SCAFFOLD00004,8043	A	
SCAFFOLD00004,49765	G	
SCAFFOLD00004,50599	T	
SCAFFOLD00004,14984	T	
SCAFFOLD00004,70060	G	
SCAFFOLD00004,133803	G	
SCAFFOLD00004,128996	T	
SCAFFOLD00004,101336	T	
SCAFFOLD00004,111978	A	
SCAFFOLD00004,45111	C	-
SCAFFOLD00004,78958	G	-
SCAFFOLD00004,53219	C	
SCAFFOLD00004,87366	T	
SCAFFOLD00004,58915	C	
SCAFFOLD00004,64223	A	
SCAFFOLD00004,64222	A	
SCAFFOLD00004,68074	A	
SCAFFOLD00004,96338	A	
SCAFFOLD00004,12444	T	-
SCAFFOLD00004,36530	G	
SCAFFOLD00004,22975	C	
SCAFFOLD00004,58988	G	
SCAFFOLD00004,24599	A	
SCAFFOLD00004,99081	T	
SCAFFOLD00004,27875	T	
SCAFFOLD00004,14629	T	-
SCAFFOLD00004,12625	G	
SCAFFOLD00004,22122	G	
SCAFFOLD00004,12628	G	
SCAFFOLD00004,29083	A	
SCAFFOLD00004,133590	C	-
SCAFFOLD00004,23803	A	-
SCAFFOLD00004,96585	T	
SCAFFOLD00004,68676	G	
SCAFFOLD00004,101568	G	-
SCAFFOLD00004,11865	C	
SCAFFOLD00004,55308	T	
SCAFFOLD00004,61148	C	
SCAFFOLD00004,27136	A	
SCAFFOLD00004,83472	A	-
SCAFFOLD00004,25153	A	
SCAFFOLD00004,65300	C	-
SCAFFOLD00004,44339	G	
SCAFFOLD00004,24335	G	
SCAFFOLD00004,13501	G	
SCAFFOLD00004,86953	C	-
SCAFFOLD00004,11402	C	
SCAFFOLD00004,51104	G	
SCAFFOLD00004,5920	A	-
SCAFFOLD00004,79628	G	
SCAFFOLD00004,6970	T	-
SCAFFOLD00004,12887	G	
SCAFFOLD00004,49134	A	
SCAFFOLD00004,52177	C	
SCAFFOLD00004,92623	G	
SCAFFOLD00004,103396	G	-
SCAFFOLD00004,100389	A	
SCAFFOLD00004,103019	G	-
SCAFFOLD00004,7001	T	-
SCAFFOLD00004,102400	G	
SCAFFOLD00004,26899	G	
SCAFFOLD00004,43160	G	
SCAFFOLD00004,40241	C	
SCAFFOLD00004,91466	C	
SCAFFOLD00004,129626	G	-
SCAFFOLD00004,89814	T	-
SCAFFOLD00004,9200	G	
SCAFFOLD00004,20672	T	
SCAFFOLD00004,99492	C	-
SCAFFOLD00004,70617	A	
SCAFFOLD00004,91119	G	
SCAFFOLD00004,7223	G	-
SCAFFOLD00004,109190	T	
SCAFFOLD00004,20773	C	
SCAFFOLD00004,12063	A	
SCAFFOLD00004,12374	G	
SCAFFOLD00004,12378	G	
SCAFFOLD00004,12405	G	
SCAFFOLD00004,52681	G	
SCAFFOLD00004,129528	C	-
SCAFFOLD00004,36803	C	
SCAFFOLD00004,62944	T	
SCAFFOLD00004,55540	T	
SCAFFOLD00004,134057	T	-
SCAFFOLD00004,22579	C	
SCAFFOLD00004,87983	T	-
SCAFFOLD00004,44110	C	
SCAFFOLD00004,72414	G	
SCAFFOLD00004,127092	A	-
SCAFFOLD00004,24436	C	
SCAFFOLD00004,13091	G	
SCAFFOLD00004,53251	T	
SCAFFOLD00004,13259	C	
SCAFFOLD00004,87877	G	
SCAFFOLD00004,18412	A	
SCAFFOLD00004,55930	G	
SCAFFOLD00004,101982	A	
SCAFFOLD00004,71402	C	
SCAFFOLD00004,7032	T	-
SCAFFOLD00004,86558	G	
SCAFFOLD00004,7038	A	-
SCAFFOLD00004,22013	A	
SCAFFOLD00004,29449	T	
SCAFFOLD00004,4041	C	
SCAFFOLD00004,49852	C	-
SCAFFOLD00004,6664	C	
SCAFFOLD00004,68484	G	
SCAFFOLD00004,21838	C	
SCAFFOLD00004,52401	T	
SCAFFOLD00004,11089	A	
SCAFFOLD00004,22496	T	
SCAFFOLD00004,22497	G	
SCAFFOLD00004,20229	A	
SCAFFOLD00004,10907	T	
SCAFFOLD00004,19568	C	
SCAFFOLD00004,129467	G	-
SCAFFOLD00004,49994	G	
SCAFFOLD00004,103010	G	
SCAFFOLD00004,4185	T	-
SCAFFOLD00004,23650	G	
SCAFFOLD00004,39918	C	
SCAFFOLD00004,64027	A	
SCAFFOLD00004,102531	T	-
SCAFFOLD00004,83167	G	
SCAFFOLD00004,10629	G	
SCAFFOLD00004,58975	A	
SCAFFOLD00004,23151	T	
SCAFFOLD00004,91953	A	
SCAFFOLD00004,7353	T	-
SCAFFOLD00004,89451	T	-
SCAFFOLD00004,122678	C	
SCAFFOLD00004,11339	G	-
SCAFFOLD00004,6980	T	-
SCAFFOLD00004,49700	C	-
SCAFFOLD00004,13191	A	
SCAFFOLD00004,12576	G	
SCAFFOLD00004,59219	C	
SCAFFOLD00004,70653	T	
SCAFFOLD00004,70652	T	
SCAFFOLD00004,104970	A	
SCAFFOLD00004,59747	C	
SCAFFOLD00004,112289	C	
SCAFFOLD00004,16502	C	
SCAFFOLD00004,29373	G	-
SCAFFOLD00004,12617	T	
SCAFFOLD00004,130442	A	-
SCAFFOLD00004,13425	T	
SCAFFOLD00004,100616	C	
SCAFFOLD00004,49791	C	-
SCAFFOLD00004,82664	C	
SCAFFOLD00004,104507	C	-
SCAFFOLD00004,96358	G	
SCAFFOLD00004,13262	C	
SCAFFOLD00004,52289	G	
SCAFFOLD00004,91071	C	
SCAFFOLD00004,22064	G	
SCAFFOLD00004,111831	G	
SCAFFOLD00004,2336	T	
SCAFFOLD00004,88171	T	-
SCAFFOLD00004,12760	T	
SCAFFOLD00004,27213	C	
SCAFFOLD00004,93419	C	
SCAFFOLD00004,41680	G	
SCAFFOLD00004,100216	T	
SCAFFOLD00004,127773	G	
SCAFFOLD00004,69237	G	
SCAFFOLD00004,21646	A	
SCAFFOLD00004,23513	C	
SCAFFOLD00004,83133	G	
SCAFFOLD00004,65413	A	
SCAFFOLD00004,65559	C	
SCAFFOLD00004,41815	C	
SCAFFOLD00004,11055	A	
SCAFFOLD00004,92555	G	
SCAFFOLD00004,95276	T	
SCAFFOLD00004,80222	G	
SCAFFOLD00004,90516	A	
SCAFFOLD00004,66279	C	
SCAFFOLD00004,13562	A	
SCAFFOLD00004,104043	T	-
SCAFFOLD00004,29507	G	
SCAFFOLD00004,29117	G	
SCAFFOLD00004,97420	C	-
SCAFFOLD00004,50886	C	
SCAFFOLD00004,91960	A	
SCAFFOLD00004,127387	C	
SCAFFOLD00004,70562	G	
SCAFFOLD00004,48827	T	
SCAFFOLD00004,51446	G	
SCAFFOLD00004,20764	C	
SCAFFOLD00004,53096	C	
SCAFFOLD00004,53823	C	-
SCAFFOLD00004,56923	T	
SCAFFOLD00004,57201	A	
SCAFFOLD00004,105366	C	
SCAFFOLD00004,78972	G	
SCAFFOLD00004,11802	G	
SCAFFOLD00004,11563	A	
SCAFFOLD00004,69975	G	
SCAFFOLD00004,120922	G	-
SCAFFOLD00004,82426	G	-
SCAFFOLD00004,55915	C	
SCAFFOLD00004,49699	G	
SCAFFOLD00004,49698	T	-
SCAFFOLD00004,39243	C	-
SCAFFOLD00004,51049	C	
SCAFFOLD00004,130966	A	-
SCAFFOLD00004,32810	T	
SCAFFOLD00004,51047	C	-
SCAFFOLD00004,43859	C	
SCAFFOLD00004,68785	C	
SCAFFOLD00004,64750	T	
SCAFFOLD00004,102038	C	
SCAFFOLD00004,20434	G	
SCAFFOLD00004,12642	G	
SCAFFOLD00004,26911	C	
SCAFFOLD00004,85908	C	
SCAFFOLD00004,71097	A	
SCAFFOLD00004,20180	C	
SCAFFOLD00004,28895	A	
SCAFFOLD00004,41032	C	
SCAFFOLD00004,18274	C	
SCAFFOLD00004,29496	C	
SCAFFOLD00004,71735	C	
SCAFFOLD00004,110200	A	-
SCAFFOLD00004,59510	T	
SCAFFOLD00004,11743	T	
SCAFFOLD00004,64585	C	
SCAFFOLD00004,62269	A	
SCAFFOLD00004,77927	C	
SCAFFOLD00004,97389	T	-
SCAFFOLD00004,101278	T	
SCAFFOLD00004,79566	C	
SCAFFOLD00004,40468	G	
SCAFFOLD00004,7849	C	-
SCAFFOLD00004,6524	T	-
SCAFFOLD00004,6954	A	
SCAFFOLD00004,102179	A	-
SCAFFOLD00004,12107	G	
SCAFFOLD00004,134244	G	-
SCAFFOLD00004,84101	A	
SCAFFOLD00004,24501	T	
SCAFFOLD00004,126530	T	
SCAFFOLD00004,49063	T	
SCAFFOLD00004,38088	C	
SCAFFOLD00004,62408	G	
SCAFFOLD00004,66740	G	
SCAFFOLD00004,23738	C	
SCAFFOLD00004,87269	T	
SCAFFOLD00004,87711	A	
SCAFFOLD00004,52753	C	-
SCAFFOLD00004,23631	T	
SCAFFOLD00004,54978	G	
SCAFFOLD00004,109238	T	-
SCAFFOLD00004,90744	T	
SCAFFOLD00004,84071	C	
SCAFFOLD00004,12467	T	
SCAFFOLD00004,54977	G	
SCAFFOLD00004,6225	A	
SCAFFOLD00004,53694	T	
SCAFFOLD00004,28769	C	
SCAFFOLD00004,73410	G	-
SCAFFOLD00004,11553	A	
SCAFFOLD00004,23826	G	
SCAFFOLD00004,51251	T	-
SCAFFOLD00004,104224	T	
SCAFFOLD00004,119610	G	
SCAFFOLD00004,56553	G	
SCAFFOLD00004,51090	C	-
SCAFFOLD00004,65037	G	
SCAFFOLD00004,800	C	
SCAFFOLD00004,13177	T	
SCAFFOLD00004,15601	G	
SCAFFOLD00004,12920	C	
SCAFFOLD00004,71070	C	-
SCAFFOLD00004,40712	C	
SCAFFOLD00004,40098	C	
SCAFFOLD00004,16569	T	
SCAFFOLD00004,11788	C	
SCAFFOLD00004,11789	G	
SCAFFOLD00004,88247	G	
SCAFFOLD00004,65323	A	
SCAFFOLD00004,67169	T	
SCAFFOLD00004,74783	G	-
SCAFFOLD00004,4	T	
SCAFFOLD00004,37754	T	-
SCAFFOLD00004,83204	A	
SCAFFOLD00004,37758	A	-
SCAFFOLD00004,29295	C	
SCAFFOLD00004,29297	C	
SCAFFOLD00004,64566	G	
SCAFFOLD00004,33803	G	-
SCAFFOLD00004,25518	C	
SCAFFOLD00004,19943	T	
SCAFFOLD00004,101390	G	
SCAFFOLD00004,69646	G	-
SCAFFOLD00004,69645	T	
SCAFFOLD00004,23778	C	
SCAFFOLD00004,64288	C	
SCAFFOLD00004,49755	G	
SCAFFOLD00004,49758	A	
SCAFFOLD00004,8038	T	-
SCAFFOLD00004,17808	C	
SCAFFOLD00004,20756	C	
SCAFFOLD00004,8132	T	-
SCAFFOLD00004,90627	T	
SCAFFOLD00004,58886	C	
SCAFFOLD00004,89795	T	
SCAFFOLD00004,38172	A	
SCAFFOLD00004,12090	G	
SCAFFOLD00004,45104	C	
SCAFFOLD00004,134353	T	-
SCAFFOLD00004,58862	G	-
SCAFFOLD00004,65068	C	
SCAFFOLD00004,22558	T	
SCAFFOLD00004,78942	G	-
SCAFFOLD00004,61032	C	
SCAFFOLD00004,52839	T	
SCAFFOLD00004,62456	A	
SCAFFOLD00004,116121	G	
SCAFFOLD00004,63512	T	
SCAFFOLD00004,22984	C	
SCAFFOLD00004,12450	G	
SCAFFOLD00004,51052	C	-
SCAFFOLD00004,21692	A	
SCAFFOLD00004,49686	T	-
SCAFFOLD00004,8894	C	-
SCAFFOLD00004,89471	T	-
SCAFFOLD00004,55020	G	
SCAFFOLD00004,147	C	
SCAFFOLD00004,42130	C	
SCAFFOLD00004,110147	G	-
SCAFFOLD00004,54438	T	
SCAFFOLD00004,127540	C	-
SCAFFOLD00004,13237	A	
SCAFFOLD00004,123474	A	
SCAFFOLD00004,55542	A	
SCAFFOLD00004,51904	C	-
SCAFFOLD00004,40055	A	-
SCAFFOLD00004,12636	T	
SCAFFOLD00004,22426	A	
SCAFFOLD00004,27844	T	
SCAFFOLD00004,49873	C	-
SCAFFOLD00004,23797	T	
SCAFFOLD00004,10993	C	
SCAFFOLD00004,15809	G	
SCAFFOLD00004,54163	A	-
SCAFFOLD00004,109429	C	-
SCAFFOLD00004,63601	G	
SCAFFOLD00004,133196	G	-
SCAFFOLD00004,19904	C	
SCAFFOLD00004,83744	G	-
SCAFFOLD00004,66321	G	
SCAFFOLD00004,59691	T	
SCAFFOLD00004,83984	C	
SCAFFOLD00004,59594	C	
SCAFFOLD00004,83982	A	
SCAFFOLD00004,6692	T	-
SCAFFOLD00004,69217	G	
SCAFFOLD00004,104411	A	-
SCAFFOLD00004,67131	C	
SCAFFOLD00004,150	T	-
SCAFFOLD00004,21960	G	
SCAFFOLD00004,99336	G	
SCAFFOLD00004,101992	T	
SCAFFOLD00004,86868	T	
SCAFFOLD00004,16983	G	
SCAFFOLD00004,6942	T	
SCAFFOLD00004,7835	T	-
SCAFFOLD00004,132503	G	-
SCAFFOLD00004,4513	G	
SCAFFOLD00004,49015	G	
SCAFFOLD00004,60038	C	
SCAFFOLD00004,7746	G	
SCAFFOLD00004,49154	T	
SCAFFOLD00004,64957	C	
SCAFFOLD00004,13197	A	
SCAFFOLD00004,62418	T	
SCAFFOLD00004,72308	G	
SCAFFOLD00004,83584	A	-
SCAFFOLD00004,48803	T	
SCAFFOLD00004,67856	G	
SCAFFOLD00004,8413	G	
SCAFFOLD00004,67916	A	
SCAFFOLD00004,64318	A	
SCAFFOLD00004,11313	A	
SCAFFOLD00004,119690	G	
SCAFFOLD00004,82987	T	
SCAFFOLD00004,36560	G	
SCAFFOLD00004,72944	T	-
SCAFFOLD00004,45150	C	-
SCAFFOLD00004,66106	C	
SCAFFOLD00004,12202	T	
